id,name,lat,lon,country,line,tiv_usd,hub
LOC00000,Maui Commercial #0000,20.9624,-156.3908,United States,Commercial Property,23677000,Maui
LOC00001,Valparaiso Marine #0001,-32.9074,-71.6671,Chile,Marine Cargo,8674000,Valparaiso
LOC00002,San Francisco Commercial #0002,37.7103,-122.4849,United States,Commercial Property,13415000,San Francisco
LOC00003,Mumbai Commercial #0003,19.0894,72.8698,India,Commercial Property,24063000,Mumbai
LOC00004,Tokyo Business #0004,35.691,139.8061,Japan,Business Interruption,26080000,Tokyo
LOC00005,Praia High-Net-Worth #0005,15.0979,-23.5372,Cape Verde,High-Net-Worth Homeowners,6085000,Praia
LOC00006,Houston Business #0006,29.7523,-95.326,United States,Business Interruption,8401000,Houston
LOC00007,Hong Kong High-Net-Worth #0007,22.1291,114.2607,China,High-Net-Worth Homeowners,13522000,Hong Kong
LOC00008,Lima Commercial #0008,-12.1702,-77.0651,Peru,Commercial Property,50400000,Lima
LOC00009,New Orleans Commercial #0009,30.0529,-90.2086,United States,Commercial Property,14182000,New Orleans
LOC00010,Manila Commercial #0010,14.5587,121.0867,Philippines,Commercial Property,41512000,Manila
LOC00011,Chennai Marine #0011,12.9551,80.3209,India,Marine Cargo,11694000,Chennai
LOC00012,Kampala Business #0012,0.3905,32.5633,Uganda,Business Interruption,60492000,Kampala
LOC00013,La Paz BCS High-Net-Worth #0013,23.9174,-110.3458,Mexico,High-Net-Worth Homeowners,2579000,La Paz BCS
LOC00014,Lagos Marine #0014,6.4896,3.4145,Nigeria,Marine Cargo,10651000,Lagos
LOC00015,Visakhapatnam Marine #0015,17.6877,83.2087,India,Marine Cargo,6731000,Visakhapatnam
LOC00016,Chennai Commercial #0016,12.8097,80.038,India,Commercial Property,19717000,Chennai
LOC00017,Osaka Business #0017,34.6931,135.4654,Japan,Business Interruption,13627000,Osaka
LOC00018,New Orleans Marine #0018,29.901,-90.1464,United States,Marine Cargo,6655000,New Orleans
LOC00019,Boston Marine #0019,42.414,-71.1438,United States,Marine Cargo,5809000,Boston
LOC00020,Los Angeles Business #0020,34.1362,-118.1779,United States,Business Interruption,44219000,Los Angeles
LOC00021,Lagos Commercial #0021,6.4265,3.4861,Nigeria,Commercial Property,15619000,Lagos
LOC00022,Charleston Energy #0022,32.792,-79.9645,United States,Energy,207017000,Charleston
LOC00023,Lagos Marine #0023,6.319,3.4906,Nigeria,Marine Cargo,22895000,Lagos
LOC00024,Hong Kong High-Net-Worth #0024,22.1414,114.2056,China,High-Net-Worth Homeowners,7027000,Hong Kong
LOC00025,San Francisco Commercial #0025,37.6705,-122.5173,United States,Commercial Property,27858000,San Francisco
LOC00026,Rotterdam Business #0026,52.0195,4.3649,Netherlands,Business Interruption,34756000,Rotterdam
LOC00027,San Juan High-Net-Worth #0027,18.5279,-66.1377,Puerto Rico,High-Net-Worth Homeowners,13361000,San Juan
LOC00028,Concepcion Business #0028,-36.8712,-73.0169,Chile,Business Interruption,24142000,Concepcion
LOC00029,London High-Net-Worth #0029,51.5029,-0.1581,United Kingdom,High-Net-Worth Homeowners,2943000,London
LOC00030,Visakhapatnam Commercial #0030,17.8776,83.3606,India,Commercial Property,15877000,Visakhapatnam
LOC00031,Kona / Hilo High-Net-Worth #0031,19.6444,-155.7941,United States,High-Net-Worth Homeowners,4921000,Kona / Hilo
LOC00032,San Francisco Business #0032,37.8393,-122.2838,United States,Business Interruption,14842000,San Francisco
LOC00033,Tokyo Commercial #0033,35.6895,139.6022,Japan,Commercial Property,22280000,Tokyo
LOC00034,Miami High-Net-Worth #0034,25.799,-80.2393,United States,High-Net-Worth Homeowners,1385000,Miami
LOC00035,Boston Commercial #0035,42.3786,-71.0155,United States,Commercial Property,68462000,Boston
LOC00036,Cancun Accident #0036,21.114,-86.7445,Mexico,Accident & Health,3095000,Cancun
LOC00037,New Orleans Commercial #0037,29.9673,-90.2048,United States,Commercial Property,33758000,New Orleans
LOC00038,Kaohsiung Commercial #0038,22.6312,120.2949,Taiwan,Commercial Property,25720000,Kaohsiung
LOC00039,La Paz BCS Marine #0039,24.251,-110.2525,Mexico,Marine Cargo,8091000,La Paz BCS
LOC00040,Miami High-Net-Worth #0040,25.9057,-80.4369,United States,High-Net-Worth Homeowners,13836000,Miami
LOC00041,Miami High-Net-Worth #0041,25.8078,-80.2347,United States,High-Net-Worth Homeowners,9618000,Miami
LOC00042,Istanbul Commercial #0042,41.2889,29.0847,Türkiye,Commercial Property,11196000,Istanbul
LOC00043,Lagos Business #0043,6.5037,3.389,Nigeria,Business Interruption,16623000,Lagos
LOC00044,Istanbul Commercial #0044,41.0782,28.8906,Türkiye,Commercial Property,20797000,Istanbul
LOC00045,New Orleans Business #0045,29.8173,-89.947,United States,Business Interruption,23952000,New Orleans
LOC00046,New Orleans Business #0046,29.8699,-90.1892,United States,Business Interruption,2992000,New Orleans
LOC00047,New Orleans Commercial #0047,29.7811,-89.971,United States,Commercial Property,38294000,New Orleans
LOC00048,Kaohsiung Marine #0048,22.6614,120.234,Taiwan,Marine Cargo,19073000,Kaohsiung
LOC00049,Tampa Commercial #0049,27.8382,-82.432,United States,Commercial Property,89229000,Tampa
LOC00050,Mumbai High-Net-Worth #0050,19.1749,72.793,India,High-Net-Worth Homeowners,6986000,Mumbai
LOC00051,Tokyo Business #0051,35.7363,139.7118,Japan,Business Interruption,16145000,Tokyo
LOC00052,Mumbai Commercial #0052,19.0706,72.8233,India,Commercial Property,4272000,Mumbai
LOC00053,Hong Kong Accident #0053,22.3211,114.1663,China,Accident & Health,2250000,Hong Kong
LOC00054,New Orleans Business #0054,29.9268,-89.9512,United States,Business Interruption,34837000,New Orleans
LOC00055,Manila Business #0055,14.5282,120.9457,Philippines,Business Interruption,47691000,Manila
LOC00056,Honolulu Commercial #0056,21.1476,-157.9103,United States,Commercial Property,95239000,Honolulu
LOC00057,Los Angeles Commercial #0057,34.3388,-118.1784,United States,Commercial Property,12913000,Los Angeles
LOC00058,Hong Kong Business #0058,22.3167,114.1789,China,Business Interruption,23731000,Hong Kong
LOC00059,Santo Domingo Commercial #0059,18.4778,-69.877,Dominican Republic,Commercial Property,59463000,Santo Domingo
LOC00060,Istanbul Business #0060,41.0228,29.0713,Türkiye,Business Interruption,8302000,Istanbul
LOC00061,Los Angeles Commercial #0061,33.9902,-118.2514,United States,Commercial Property,112777000,Los Angeles
LOC00062,Honolulu Commercial #0062,21.4039,-157.9303,United States,Commercial Property,24907000,Honolulu
LOC00063,Concepcion Commercial #0063,-36.6625,-72.8049,Chile,Commercial Property,63389000,Concepcion
LOC00064,Mexico City Commercial #0064,19.4557,-99.0957,Mexico,Commercial Property,32093000,Mexico City
LOC00065,Johannesburg Accident #0065,-26.1876,28.0266,South Africa,Accident & Health,1930000,Johannesburg
LOC00066,Hamburg Business #0066,53.659,9.933,Germany,Business Interruption,20646000,Hamburg
LOC00067,Los Angeles Commercial #0067,34.1016,-118.3563,United States,Commercial Property,15110000,Los Angeles
LOC00068,Istanbul Accident #0068,40.8741,28.9947,Türkiye,Accident & Health,1865000,Istanbul
LOC00069,Boston High-Net-Worth #0069,42.3653,-71.0728,United States,High-Net-Worth Homeowners,6342000,Boston
LOC00070,Los Angeles High-Net-Worth #0070,33.847,-118.2051,United States,High-Net-Worth Homeowners,4482000,Los Angeles
LOC00071,Nassau High-Net-Worth #0071,25.129,-77.4379,Bahamas,High-Net-Worth Homeowners,3306000,Nassau
LOC00072,Honolulu High-Net-Worth #0072,21.2517,-157.8473,United States,High-Net-Worth Homeowners,8800000,Honolulu
LOC00073,Houston Energy #0073,29.8241,-95.5125,United States,Energy,56920000,Houston
LOC00074,Chennai High-Net-Worth #0074,13.1103,80.3804,India,High-Net-Worth Homeowners,540000,Chennai
LOC00075,San Diego Commercial #0075,32.7486,-117.2242,United States,Commercial Property,33785000,San Diego
LOC00076,Boston Commercial #0076,42.3522,-71.1523,United States,Commercial Property,13852000,Boston
LOC00077,Charleston Commercial #0077,32.6685,-79.89,United States,Commercial Property,42118000,Charleston
LOC00078,La Paz BCS Business #0078,24.0788,-110.1514,Mexico,Business Interruption,28211000,La Paz BCS
LOC00079,Taipei Commercial #0079,24.9756,121.3519,Taiwan,Commercial Property,26124000,Taipei
LOC00080,New York Travel #0080,40.6321,-73.808,United States,Travel,1482000,New York
LOC00081,Mexico City Business #0081,19.7415,-99.2771,Mexico,Business Interruption,38217000,Mexico City
LOC00082,Athens Accident #0082,37.8444,23.5675,Greece,Accident & Health,3134000,Athens
LOC00083,Honolulu Accident #0083,21.1127,-157.7667,United States,Accident & Health,470000,Honolulu
LOC00084,Los Angeles High-Net-Worth #0084,34.0813,-118.2689,United States,High-Net-Worth Homeowners,4941000,Los Angeles
LOC00085,Hong Kong Commercial #0085,22.4997,114.0914,China,Commercial Property,23361000,Hong Kong
LOC00086,Tokyo Commercial #0086,35.8053,139.5418,Japan,Commercial Property,8894000,Tokyo
LOC00087,San Juan High-Net-Worth #0087,18.4953,-65.9302,Puerto Rico,High-Net-Worth Homeowners,2770000,San Juan
LOC00088,Santiago Energy #0088,-33.3216,-70.8374,Chile,Energy,36411000,Santiago
LOC00089,Hamburg Commercial #0089,53.8037,10.2691,Germany,Commercial Property,55406000,Hamburg
LOC00090,London Business #0090,51.576,0.0979,United Kingdom,Business Interruption,27124000,London
LOC00091,Acapulco High-Net-Worth #0091,16.773,-99.9089,Mexico,High-Net-Worth Homeowners,1668000,Acapulco
LOC00092,New Orleans Commercial #0092,29.6913,-89.9817,United States,Commercial Property,11887000,New Orleans
LOC00093,Dubai Commercial #0093,25.191,55.2574,United Arab Emirates,Commercial Property,80390000,Dubai
LOC00094,Tokyo Commercial #0094,35.4422,139.6837,Japan,Commercial Property,19545000,Tokyo
LOC00095,San Diego Marine #0095,32.9726,-116.6539,United States,Marine Cargo,16036000,San Diego
LOC00096,Kampala High-Net-Worth #0096,0.4508,32.6256,Uganda,High-Net-Worth Homeowners,21307000,Kampala
LOC00097,San Juan High-Net-Worth #0097,18.4352,-66.1168,Puerto Rico,High-Net-Worth Homeowners,672000,San Juan
LOC00098,Manila Business #0098,14.4463,120.9753,Philippines,Business Interruption,7595000,Manila
LOC00099,Miami Travel #0099,25.745,-80.1878,United States,Travel,365000,Miami
LOC00100,Chennai Business #0100,13.086,80.2638,India,Business Interruption,23295000,Chennai
LOC00101,Los Angeles Commercial #0101,33.9775,-118.1297,United States,Commercial Property,59393000,Los Angeles
LOC00102,Taipei High-Net-Worth #0102,25.0266,121.5834,Taiwan,High-Net-Worth Homeowners,2112000,Taipei
LOC00103,Taipei Commercial #0103,25.0402,121.4843,Taiwan,Commercial Property,9619000,Taipei
LOC00104,Cabo San Lucas Commercial #0104,23.1802,-109.9914,Mexico,Commercial Property,22081000,Cabo San Lucas
LOC00105,Athens Business #0105,37.8706,23.7885,Greece,Business Interruption,18153000,Athens
LOC00106,Jakarta Commercial #0106,-6.1596,106.8753,Indonesia,Commercial Property,39093000,Jakarta
LOC00107,Rotterdam Commercial #0107,51.7921,4.3943,Netherlands,Commercial Property,20003000,Rotterdam
LOC00108,Acapulco Business #0108,16.6407,-99.7888,Mexico,Business Interruption,10493000,Acapulco
LOC00109,San Juan Commercial #0109,18.4015,-66.042,Puerto Rico,Commercial Property,42390000,San Juan
LOC00110,San Francisco Accident #0110,37.7744,-122.6361,United States,Accident & Health,1432000,San Francisco
LOC00111,Sydney High-Net-Worth #0111,-33.8475,150.8665,Australia,High-Net-Worth Homeowners,11322000,Sydney
LOC00112,Tampa Marine #0112,27.9515,-82.165,United States,Marine Cargo,36317000,Tampa
LOC00113,Naples FL Commercial #0113,25.8899,-81.6503,United States,Commercial Property,28136000,Naples FL
LOC00114,Mumbai Commercial #0114,19.138,72.7976,India,Commercial Property,9545000,Mumbai
LOC00115,Taipei Commercial #0115,25.0463,121.6749,Taiwan,Commercial Property,42938000,Taipei
LOC00116,Hong Kong Accident #0116,22.2569,114.2522,China,Accident & Health,1217000,Hong Kong
LOC00117,Puerto Vallarta Business #0117,20.6269,-105.2295,Mexico,Business Interruption,4821000,Puerto Vallarta
LOC00118,Shanghai Marine #0118,31.1442,121.437,China,Marine Cargo,6224000,Shanghai
LOC00119,San Francisco Business #0119,37.9894,-122.0925,United States,Business Interruption,48616000,San Francisco
LOC00120,Taipei Business #0120,25.0351,121.5828,Taiwan,Business Interruption,18742000,Taipei
LOC00121,Istanbul Commercial #0121,41.0503,28.8689,Türkiye,Commercial Property,68932000,Istanbul
LOC00122,Tokyo Energy #0122,36.0112,139.9028,Japan,Energy,212907000,Tokyo
LOC00123,Cancun High-Net-Worth #0123,21.0248,-86.871,Mexico,High-Net-Worth Homeowners,13727000,Cancun
LOC00124,Cabo San Lucas Commercial #0124,22.8041,-110.2588,Mexico,Commercial Property,49321000,Cabo San Lucas
LOC00125,Lagos Business #0125,6.544,3.3647,Nigeria,Business Interruption,6663000,Lagos
LOC00126,Shanghai Commercial #0126,31.0515,121.6306,China,Commercial Property,10101000,Shanghai
LOC00127,Lima High-Net-Worth #0127,-12.0664,-77.0177,Peru,High-Net-Worth Homeowners,7857000,Lima
LOC00128,Maui Marine #0128,20.7953,-156.2046,United States,Marine Cargo,5804000,Maui
LOC00129,Puerto Vallarta High-Net-Worth #0129,20.7024,-105.3869,Mexico,High-Net-Worth Homeowners,2634000,Puerto Vallarta
LOC00130,Goma Commercial #0130,-1.646,29.4379,Democratic Republic of the Congo,Commercial Property,27175000,Goma
LOC00131,Los Angeles Marine #0131,34.1316,-118.2438,United States,Marine Cargo,10121000,Los Angeles
LOC00132,Mexico City Commercial #0132,19.338,-99.0327,Mexico,Commercial Property,21945000,Mexico City
LOC00133,Maui Marine #0133,20.7433,-156.3381,United States,Marine Cargo,14396000,Maui
LOC00134,Shanghai Commercial #0134,31.2801,121.3512,China,Commercial Property,51327000,Shanghai
LOC00135,Johannesburg Accident #0135,-26.1844,28.1127,South Africa,Accident & Health,979000,Johannesburg
LOC00136,London Commercial #0136,51.741,0.2125,United Kingdom,Commercial Property,21547000,London
LOC00137,Osaka Commercial #0137,34.8499,135.6993,Japan,Commercial Property,16905000,Osaka
LOC00138,Tokyo Business #0138,35.6637,139.6389,Japan,Business Interruption,13181000,Tokyo
LOC00139,Goma Energy #0139,-1.5279,29.1563,Democratic Republic of the Congo,Energy,1595120000,Goma
LOC00140,Hong Kong Energy #0140,22.2492,114.1845,China,Energy,22363000,Hong Kong
LOC00141,Valencia Energy #0141,39.3657,-0.823,Spain,Energy,146937000,Valencia
LOC00142,Tokyo Commercial #0142,35.7324,139.5838,Japan,Commercial Property,31022000,Tokyo
LOC00143,Los Angeles Accident #0143,34.0884,-118.0019,United States,Accident & Health,848000,Los Angeles
LOC00144,Tampa Business #0144,28.0278,-82.4741,United States,Business Interruption,5216000,Tampa
LOC00145,Kona / Hilo High-Net-Worth #0145,19.6982,-155.9868,United States,High-Net-Worth Homeowners,5075000,Kona / Hilo
LOC00146,Rotterdam Business #0146,51.9358,4.7881,Netherlands,Business Interruption,16979000,Rotterdam
LOC00147,Maui Commercial #0147,20.8319,-156.3838,United States,Commercial Property,21566000,Maui
LOC00148,Mexico City Marine #0148,19.4087,-99.1305,Mexico,Marine Cargo,14802000,Mexico City
LOC00149,San Diego Business #0149,32.7335,-117.1077,United States,Business Interruption,4893000,San Diego
LOC00150,Surabaya Commercial #0150,-7.4829,112.7664,Indonesia,Commercial Property,30586000,Surabaya
LOC00151,Tokyo Business #0151,35.7588,139.5545,Japan,Business Interruption,56686000,Tokyo
LOC00152,Hong Kong High-Net-Worth #0152,22.3718,114.2856,China,High-Net-Worth Homeowners,4003000,Hong Kong
LOC00153,Houston Marine #0153,29.6357,-95.3261,United States,Marine Cargo,18447000,Houston
LOC00154,London High-Net-Worth #0154,51.537,-0.1663,United Kingdom,High-Net-Worth Homeowners,4973000,London
LOC00155,Tokyo Commercial #0155,35.6099,139.7198,Japan,Commercial Property,53453000,Tokyo
LOC00156,Lagos Marine #0156,6.61,3.3383,Nigeria,Marine Cargo,13457000,Lagos
LOC00157,Kampala Commercial #0157,0.2085,32.5212,Uganda,Commercial Property,51149000,Kampala
LOC00158,Cancun Accident #0158,21.1906,-86.9004,Mexico,Accident & Health,3369000,Cancun
LOC00159,Miami Business #0159,25.7609,-80.1895,United States,Business Interruption,44637000,Miami
LOC00160,Los Angeles Commercial #0160,34.0745,-118.2903,United States,Commercial Property,22091000,Los Angeles
LOC00161,Manila Commercial #0161,14.5696,120.9695,Philippines,Commercial Property,54008000,Manila
LOC00162,San Juan Business #0162,18.3318,-66.0156,Puerto Rico,Business Interruption,10192000,San Juan
LOC00163,Honolulu High-Net-Worth #0163,21.3435,-158.0428,United States,High-Net-Worth Homeowners,3416000,Honolulu
LOC00164,Kaohsiung Commercial #0164,22.4965,120.3188,Taiwan,Commercial Property,34342000,Kaohsiung
LOC00165,London High-Net-Worth #0165,51.5298,-0.0957,United Kingdom,High-Net-Worth Homeowners,5716000,London
LOC00166,Cancun High-Net-Worth #0166,21.0998,-86.8313,Mexico,High-Net-Worth Homeowners,19412000,Cancun
LOC00167,Acapulco Commercial #0167,16.9292,-99.9823,Mexico,Commercial Property,22326000,Acapulco
LOC00168,Concepcion Energy #0168,-36.7793,-72.9573,Chile,Energy,177362000,Concepcion
LOC00169,Maui High-Net-Worth #0169,20.7937,-156.3564,United States,High-Net-Worth Homeowners,11263000,Maui
LOC00170,Shanghai Marine #0170,31.2308,121.5171,China,Marine Cargo,2078000,Shanghai
LOC00171,Mumbai Business #0171,18.918,72.7053,India,Business Interruption,35692000,Mumbai
LOC00172,Hong Kong High-Net-Worth #0172,21.9736,114.2242,China,High-Net-Worth Homeowners,6511000,Hong Kong
LOC00173,Boston Business #0173,42.3857,-71.0543,United States,Business Interruption,20045000,Boston
LOC00174,Kona / Hilo High-Net-Worth #0174,19.7626,-155.998,United States,High-Net-Worth Homeowners,19168000,Kona / Hilo
LOC00175,Acapulco High-Net-Worth #0175,16.8672,-99.8826,Mexico,High-Net-Worth Homeowners,3177000,Acapulco
LOC00176,Izmir Business #0176,38.4131,27.15,Türkiye,Business Interruption,18050000,Izmir
LOC00177,New York High-Net-Worth #0177,40.8213,-73.9168,United States,High-Net-Worth Homeowners,2257000,New York
LOC00178,Concepcion Marine #0178,-36.9746,-72.9957,Chile,Marine Cargo,6266000,Concepcion
LOC00179,San Francisco Commercial #0179,37.7252,-122.2635,United States,Commercial Property,20016000,San Francisco
LOC00180,Honolulu Commercial #0180,21.3628,-157.6136,United States,Commercial Property,37229000,Honolulu
LOC00181,London Commercial #0181,51.4771,-0.0773,United Kingdom,Commercial Property,14940000,London
LOC00182,Houston Commercial #0182,29.7802,-95.3278,United States,Commercial Property,19633000,Houston
LOC00183,Puerto Vallarta Commercial #0183,20.6993,-105.2609,Mexico,Commercial Property,15070000,Puerto Vallarta
LOC00184,Manila Business #0184,14.627,120.8589,Philippines,Business Interruption,46459000,Manila
LOC00185,Naha Okinawa Commercial #0185,26.2863,127.7261,Japan,Commercial Property,20569000,Naha Okinawa
LOC00186,New York Business #0186,40.6345,-73.9419,United States,Business Interruption,23837000,New York
LOC00187,New York Marine #0187,40.6624,-74.1274,United States,Marine Cargo,16214000,New York
LOC00188,London Business #0188,51.4197,0.0641,United Kingdom,Business Interruption,23891000,London
LOC00189,Valencia Marine #0189,39.3508,-0.4391,Spain,Marine Cargo,2422000,Valencia
LOC00190,Shenzhen Commercial #0190,22.5435,114.0551,China,Commercial Property,7747000,Shenzhen
LOC00191,Santo Domingo Commercial #0191,18.4874,-69.9674,Dominican Republic,Commercial Property,49560000,Santo Domingo
LOC00192,New York Marine #0192,40.6213,-73.8258,United States,Marine Cargo,56296000,New York
LOC00193,Goma Commercial #0193,-1.6789,29.276,Democratic Republic of the Congo,Commercial Property,31869000,Goma
LOC00194,Los Angeles Travel #0194,34.0528,-118.2352,United States,Travel,118000,Los Angeles
LOC00195,Praia High-Net-Worth #0195,14.9546,-23.5034,Cape Verde,High-Net-Worth Homeowners,8140000,Praia
LOC00196,New Orleans Marine #0196,30.0036,-90.1462,United States,Marine Cargo,4203000,New Orleans
LOC00197,Santiago Commercial #0197,-33.4156,-70.8251,Chile,Commercial Property,14735000,Santiago
LOC00198,Shenzhen Marine #0198,22.6331,113.9154,China,Marine Cargo,20536000,Shenzhen
LOC00199,Houston Marine #0199,29.7019,-95.4587,United States,Marine Cargo,12070000,Houston
LOC00200,Kingston Commercial #0200,17.9089,-76.7929,Jamaica,Commercial Property,23468000,Kingston
LOC00201,New York High-Net-Worth #0201,40.7866,-73.974,United States,High-Net-Worth Homeowners,19288000,New York
LOC00202,New York Commercial #0202,40.3973,-73.7629,United States,Commercial Property,28890000,New York
LOC00203,Hamburg Business #0203,53.4911,9.8989,Germany,Business Interruption,23203000,Hamburg
LOC00204,Shanghai Energy #0204,31.0792,121.5192,China,Energy,284556000,Shanghai
LOC00205,San Juan High-Net-Worth #0205,18.5653,-66.2308,Puerto Rico,High-Net-Worth Homeowners,5581000,San Juan
LOC00206,Charleston High-Net-Worth #0206,32.7983,-79.9486,United States,High-Net-Worth Homeowners,4153000,Charleston
LOC00207,Lagos Commercial #0207,6.5236,3.4287,Nigeria,Commercial Property,39225000,Lagos
LOC00208,Visakhapatnam Business #0208,17.7244,83.2402,India,Business Interruption,4627000,Visakhapatnam
LOC00209,Tokyo High-Net-Worth #0209,35.6191,139.5503,Japan,High-Net-Worth Homeowners,9298000,Tokyo
LOC00210,Cancun Business #0210,21.3821,-86.899,Mexico,Business Interruption,19366000,Cancun
LOC00211,Mumbai Business #0211,19.2099,72.7318,India,Business Interruption,61474000,Mumbai
LOC00212,Tokyo Accident #0212,35.5484,139.5596,Japan,Accident & Health,3135000,Tokyo
LOC00213,Charleston Business #0213,32.6779,-79.8618,United States,Business Interruption,47003000,Charleston
LOC00214,Maui Commercial #0214,20.8353,-156.3558,United States,Commercial Property,27180000,Maui
LOC00215,New York High-Net-Worth #0215,40.813,-73.9021,United States,High-Net-Worth Homeowners,2615000,New York
LOC00216,San Juan Commercial #0216,18.4742,-66.1085,Puerto Rico,Commercial Property,32298000,San Juan
LOC00217,San Francisco Business #0217,37.7956,-122.2827,United States,Business Interruption,26023000,San Francisco
LOC00218,New Orleans Business #0218,29.8991,-89.9999,United States,Business Interruption,73400000,New Orleans
LOC00219,Kaohsiung Energy #0219,22.6404,120.2985,Taiwan,Energy,383303000,Kaohsiung
LOC00220,Shanghai Marine #0220,31.2538,121.5385,China,Marine Cargo,16250000,Shanghai
LOC00221,Shanghai High-Net-Worth #0221,31.0435,121.4977,China,High-Net-Worth Homeowners,5215000,Shanghai
LOC00222,Maui Commercial #0222,20.8002,-156.2723,United States,Commercial Property,5356000,Maui
LOC00223,Manila High-Net-Worth #0223,14.6029,120.9901,Philippines,High-Net-Worth Homeowners,3370000,Manila
LOC00224,Naples FL High-Net-Worth #0224,25.8594,-81.5181,United States,High-Net-Worth Homeowners,7436000,Naples FL
LOC00225,Johannesburg Business #0225,-26.2604,28.0761,South Africa,Business Interruption,35993000,Johannesburg
LOC00226,Boston Commercial #0226,42.2301,-71.1616,United States,Commercial Property,25993000,Boston
LOC00227,Miami High-Net-Worth #0227,25.7536,-80.2023,United States,High-Net-Worth Homeowners,2584000,Miami
LOC00228,New York Commercial #0228,40.762,-73.88,United States,Commercial Property,8938000,New York
LOC00229,Kona / Hilo Marine #0229,19.6487,-155.968,United States,Marine Cargo,22770000,Kona / Hilo
LOC00230,Mexico City Commercial #0230,19.5122,-99.1371,Mexico,Commercial Property,28686000,Mexico City
LOC00231,Istanbul Energy #0231,40.9589,29.008,Türkiye,Energy,199826000,Istanbul
LOC00232,London Business #0232,51.8004,-0.0072,United Kingdom,Business Interruption,14463000,London
LOC00233,Puerto Vallarta High-Net-Worth #0233,20.8119,-105.2274,Mexico,High-Net-Worth Homeowners,2316000,Puerto Vallarta
LOC00234,Houston Energy #0234,29.6544,-95.2839,United States,Energy,168282000,Houston
LOC00235,Hong Kong High-Net-Worth #0235,22.3287,114.1829,China,High-Net-Worth Homeowners,2013000,Hong Kong
LOC00236,Puerto Vallarta Commercial #0236,20.6448,-105.1906,Mexico,Commercial Property,26737000,Puerto Vallarta
LOC00237,New York Commercial #0237,40.8225,-74.3762,United States,Commercial Property,19478000,New York
LOC00238,New Orleans Commercial #0238,29.9656,-90.1447,United States,Commercial Property,22526000,New Orleans
LOC00239,Dubai Marine #0239,25.1979,55.1308,United Arab Emirates,Marine Cargo,2207000,Dubai
LOC00240,Charleston Marine #0240,32.7175,-80.0473,United States,Marine Cargo,42681000,Charleston
LOC00241,Shanghai Business #0241,31.2099,121.4874,China,Business Interruption,19057000,Shanghai
LOC00242,Maui High-Net-Worth #0242,20.7057,-156.431,United States,High-Net-Worth Homeowners,5454000,Maui
LOC00243,Cancun High-Net-Worth #0243,21.3605,-86.9703,Mexico,High-Net-Worth Homeowners,1559000,Cancun
LOC00244,Chennai Marine #0244,13.2165,80.3314,India,Marine Cargo,13558000,Chennai
LOC00245,Los Angeles High-Net-Worth #0245,33.9607,-118.2158,United States,High-Net-Worth Homeowners,4909000,Los Angeles
LOC00246,Surabaya Business #0246,-7.3245,112.8055,Indonesia,Business Interruption,15979000,Surabaya
LOC00247,Honolulu High-Net-Worth #0247,21.3485,-157.8652,United States,High-Net-Worth Homeowners,6317000,Honolulu
LOC00248,La Paz BCS Energy #0248,24.0321,-110.4858,Mexico,Energy,39254000,La Paz BCS
LOC00249,Johannesburg Travel #0249,-26.0744,28.0585,South Africa,Travel,420000,Johannesburg
LOC00250,San Juan High-Net-Worth #0250,18.5501,-66.3265,Puerto Rico,High-Net-Worth Homeowners,5216000,San Juan
LOC00251,Santiago Commercial #0251,-33.1897,-70.8571,Chile,Commercial Property,24528000,Santiago
LOC00252,Mumbai High-Net-Worth #0252,19.1565,72.7891,India,High-Net-Worth Homeowners,15200000,Mumbai
LOC00253,Hamburg Business #0253,53.5466,9.9991,Germany,Business Interruption,8210000,Hamburg
LOC00254,New Orleans Marine #0254,29.8964,-90.0202,United States,Marine Cargo,14173000,New Orleans
LOC00255,Mumbai Commercial #0255,19.2645,72.8405,India,Commercial Property,83333000,Mumbai
LOC00256,Los Angeles Accident #0256,34.0073,-118.302,United States,Accident & Health,884000,Los Angeles
LOC00257,New York Commercial #0257,41.0738,-73.7612,United States,Commercial Property,63861000,New York
LOC00258,Jakarta Commercial #0258,-5.994,106.9034,Indonesia,Commercial Property,10364000,Jakarta
LOC00259,Mumbai High-Net-Worth #0259,19.0722,72.8798,India,High-Net-Worth Homeowners,9663000,Mumbai
LOC00260,Naples FL Travel #0260,26.1446,-81.8454,United States,Travel,2749000,Naples FL
LOC00261,La Paz BCS Business #0261,24.1438,-110.2972,Mexico,Business Interruption,44118000,La Paz BCS
LOC00262,Kolkata Business #0262,22.8472,88.4999,India,Business Interruption,14171000,Kolkata
LOC00263,Naha Okinawa High-Net-Worth #0263,26.3396,127.762,Japan,High-Net-Worth Homeowners,3596000,Naha Okinawa
LOC00264,San Francisco High-Net-Worth #0264,37.6991,-122.0424,United States,High-Net-Worth Homeowners,4356000,San Francisco
LOC00265,Houston Commercial #0265,29.7536,-95.453,United States,Commercial Property,5778000,Houston
LOC00266,Acapulco High-Net-Worth #0266,16.8037,-99.7005,Mexico,High-Net-Worth Homeowners,12190000,Acapulco
LOC00267,Osaka Marine #0267,34.7058,135.5232,Japan,Marine Cargo,24358000,Osaka
LOC00268,Los Angeles Commercial #0268,34.0956,-118.2494,United States,Commercial Property,12841000,Los Angeles
LOC00269,Istanbul Travel #0269,40.9062,28.8667,Türkiye,Travel,150000,Istanbul
LOC00270,Surabaya Marine #0270,-7.2005,112.8246,Indonesia,Marine Cargo,15186000,Surabaya
LOC00271,Santo Domingo Business #0271,18.2324,-69.9129,Dominican Republic,Business Interruption,50992000,Santo Domingo
LOC00272,Tampa Commercial #0272,27.9159,-82.381,United States,Commercial Property,60653000,Tampa
LOC00273,Izmir Business #0273,38.398,27.0845,Türkiye,Business Interruption,14669000,Izmir
LOC00274,New Orleans Commercial #0274,30.0554,-90.1417,United States,Commercial Property,294490000,New Orleans
LOC00275,Sydney High-Net-Worth #0275,-33.8544,151.2514,Australia,High-Net-Worth Homeowners,4628000,Sydney
LOC00276,Mumbai High-Net-Worth #0276,18.8855,72.7357,India,High-Net-Worth Homeowners,4821000,Mumbai
LOC00277,Praia High-Net-Worth #0277,14.949,-23.3663,Cape Verde,High-Net-Worth Homeowners,3374000,Praia
LOC00278,Mumbai Business #0278,19.0764,72.8875,India,Business Interruption,28603000,Mumbai
LOC00279,Mumbai Business #0279,19.2516,72.7737,India,Business Interruption,38250000,Mumbai
LOC00280,Hamburg Marine #0280,53.7466,9.709,Germany,Marine Cargo,7564000,Hamburg
LOC00281,Miami High-Net-Worth #0281,25.7278,-80.184,United States,High-Net-Worth Homeowners,497000,Miami
LOC00282,New York Commercial #0282,40.6923,-73.843,United States,Commercial Property,18152000,New York
LOC00283,Sydney Commercial #0283,-33.8362,151.0559,Australia,Commercial Property,31509000,Sydney
LOC00284,Tokyo Accident #0284,35.6137,139.5106,Japan,Accident & Health,2325000,Tokyo
LOC00285,Rotterdam Business #0285,52.0337,4.1992,Netherlands,Business Interruption,75647000,Rotterdam
LOC00286,Houston Commercial #0286,29.7164,-95.3479,United States,Commercial Property,13931000,Houston
LOC00287,Houston Energy #0287,29.8252,-95.4428,United States,Energy,623850000,Houston
LOC00288,Los Angeles Business #0288,34.0082,-118.0411,United States,Business Interruption,36028000,Los Angeles
LOC00289,Hong Kong Commercial #0289,22.4379,114.0947,China,Commercial Property,73592000,Hong Kong
LOC00290,Istanbul Commercial #0290,41.1644,29.0613,Türkiye,Commercial Property,42946000,Istanbul
LOC00291,Houston Commercial #0291,29.7592,-95.3712,United States,Commercial Property,54680000,Houston
LOC00292,San Francisco Commercial #0292,37.8011,-122.4384,United States,Commercial Property,18996000,San Francisco
LOC00293,London Commercial #0293,51.3506,0.0707,United Kingdom,Commercial Property,28644000,London
LOC00294,Tampa Business #0294,27.9105,-82.4975,United States,Business Interruption,12041000,Tampa
LOC00295,Shanghai Marine #0295,31.509,121.4089,China,Marine Cargo,6899000,Shanghai
LOC00296,Johannesburg Business #0296,-26.1883,28.0398,South Africa,Business Interruption,23039000,Johannesburg
LOC00297,Nairobi Business #0297,-1.2258,36.8489,Kenya,Business Interruption,25976000,Nairobi
LOC00298,Honolulu Commercial #0298,21.0399,-157.6562,United States,Commercial Property,55423000,Honolulu
LOC00299,Miami Business #0299,25.8856,-80.2062,United States,Business Interruption,17929000,Miami
LOC00300,Athens High-Net-Worth #0300,38.2477,23.8058,Greece,High-Net-Worth Homeowners,1978000,Athens
LOC00301,Puerto Vallarta High-Net-Worth #0301,20.9076,-105.2742,Mexico,High-Net-Worth Homeowners,6924000,Puerto Vallarta
LOC00302,Kaohsiung Business #0302,22.6021,120.2836,Taiwan,Business Interruption,24155000,Kaohsiung
LOC00303,San Diego Marine #0303,32.8659,-117.4843,United States,Marine Cargo,3870000,San Diego
LOC00304,New York Commercial #0304,40.7439,-73.7648,United States,Commercial Property,29517000,New York
LOC00305,Los Angeles High-Net-Worth #0305,34.0558,-118.2223,United States,High-Net-Worth Homeowners,5556000,Los Angeles
LOC00306,New Orleans Commercial #0306,29.9721,-90.0319,United States,Commercial Property,19625000,New Orleans
LOC00307,San Francisco Energy #0307,38.0582,-122.4772,United States,Energy,267796000,San Francisco
LOC00308,Dubai Commercial #0308,25.1738,55.2946,United Arab Emirates,Commercial Property,39055000,Dubai
LOC00309,Sydney Commercial #0309,-33.9223,151.2336,Australia,Commercial Property,19083000,Sydney
LOC00310,Sydney High-Net-Worth #0310,-33.8263,150.9886,Australia,High-Net-Worth Homeowners,23325000,Sydney
LOC00311,San Francisco Marine #0311,37.7304,-122.4048,United States,Marine Cargo,3393000,San Francisco
LOC00312,Milan Commercial #0312,45.496,9.0796,Italy,Commercial Property,47036000,Milan
LOC00313,Charleston Marine #0313,32.8138,-79.926,United States,Marine Cargo,11519000,Charleston
LOC00314,New York Marine #0314,40.7063,-73.7669,United States,Marine Cargo,21015000,New York
LOC00315,Los Angeles Commercial #0315,34.2831,-118.2304,United States,Commercial Property,37398000,Los Angeles
LOC00316,Maui Business #0316,20.8642,-156.3908,United States,Business Interruption,24442000,Maui
LOC00317,Istanbul Commercial #0317,40.8925,28.5931,Türkiye,Commercial Property,17747000,Istanbul
LOC00318,Mazatlan High-Net-Worth #0318,23.189,-106.4162,Mexico,High-Net-Worth Homeowners,7225000,Mazatlan
LOC00319,Honolulu Business #0319,21.4155,-157.8397,United States,Business Interruption,11418000,Honolulu
LOC00320,New York High-Net-Worth #0320,40.6797,-73.96,United States,High-Net-Worth Homeowners,5282000,New York
LOC00321,Concepcion Marine #0321,-36.9128,-73.1886,Chile,Marine Cargo,12006000,Concepcion
LOC00322,Naha Okinawa Commercial #0322,26.1566,127.746,Japan,Commercial Property,44573000,Naha Okinawa
LOC00323,Nairobi Marine #0323,-1.3277,36.9709,Kenya,Marine Cargo,5441000,Nairobi
LOC00324,Milan Commercial #0324,45.4513,9.2575,Italy,Commercial Property,43065000,Milan
LOC00325,Hamburg Commercial #0325,53.5394,9.8575,Germany,Commercial Property,33285000,Hamburg
LOC00326,Houston High-Net-Worth #0326,29.5105,-95.147,United States,High-Net-Worth Homeowners,3182000,Houston
LOC00327,Santiago High-Net-Worth #0327,-33.4616,-70.8793,Chile,High-Net-Worth Homeowners,5217000,Santiago
LOC00328,Naples FL Travel #0328,26.1553,-81.7717,United States,Travel,510000,Naples FL
LOC00329,Valparaiso Commercial #0329,-33.0682,-71.6635,Chile,Commercial Property,36453000,Valparaiso
LOC00330,Sydney High-Net-Worth #0330,-33.7966,151.1933,Australia,High-Net-Worth Homeowners,30096000,Sydney
LOC00331,Shanghai Business #0331,30.8787,121.6317,China,Business Interruption,15119000,Shanghai
LOC00332,Cancun Commercial #0332,21.1589,-86.8488,Mexico,Commercial Property,19919000,Cancun
LOC00333,Lagos Business #0333,6.6072,3.5845,Nigeria,Business Interruption,13767000,Lagos
LOC00334,New York Commercial #0334,40.4464,-73.783,United States,Commercial Property,10811000,New York
LOC00335,Acapulco Commercial #0335,16.8435,-99.6237,Mexico,Commercial Property,18818000,Acapulco
LOC00336,Kinshasa Business #0336,-4.5549,15.1136,Democratic Republic of the Congo,Business Interruption,45838000,Kinshasa
LOC00337,Lagos Marine #0337,6.5319,3.538,Nigeria,Marine Cargo,4593000,Lagos
LOC00338,Shenzhen Marine #0338,22.4408,113.9813,China,Marine Cargo,9815000,Shenzhen
LOC00339,Milan Commercial #0339,45.6456,9.118,Italy,Commercial Property,26991000,Milan
LOC00340,Sydney Commercial #0340,-33.8304,151.3338,Australia,Commercial Property,4533000,Sydney
LOC00341,Rotterdam Business #0341,51.7788,4.722,Netherlands,Business Interruption,116586000,Rotterdam
LOC00342,Osaka Business #0342,34.4356,135.4697,Japan,Business Interruption,98975000,Osaka
LOC00343,Istanbul Commercial #0343,41.1704,29.0479,Türkiye,Commercial Property,16675000,Istanbul
LOC00344,Lagos Marine #0344,6.4029,3.3047,Nigeria,Marine Cargo,4719000,Lagos
LOC00345,Santiago Commercial #0345,-33.1107,-70.8282,Chile,Commercial Property,105785000,Santiago
LOC00346,New Orleans Marine #0346,29.9544,-90.0505,United States,Marine Cargo,3013000,New Orleans
LOC00347,Mexico City Commercial #0347,19.4306,-99.1306,Mexico,Commercial Property,15404000,Mexico City
LOC00348,Osaka Marine #0348,34.5184,135.4838,Japan,Marine Cargo,7257000,Osaka
LOC00349,Izmir Marine #0349,38.3691,27.1491,Türkiye,Marine Cargo,2072000,Izmir
LOC00350,Shanghai Marine #0350,31.2064,121.2364,China,Marine Cargo,12818000,Shanghai
LOC00351,Naples FL Commercial #0351,26.2236,-81.5494,United States,Commercial Property,24316000,Naples FL
LOC00352,New York Commercial #0352,40.7079,-73.9458,United States,Commercial Property,15687000,New York
LOC00353,London Commercial #0353,51.5553,-0.1897,United Kingdom,Commercial Property,63414000,London
LOC00354,San Francisco Commercial #0354,37.9027,-122.3654,United States,Commercial Property,18410000,San Francisco
LOC00355,Tokyo Commercial #0355,35.8205,139.7524,Japan,Commercial Property,78654000,Tokyo
LOC00356,Kinshasa High-Net-Worth #0356,-4.3904,15.3124,Democratic Republic of the Congo,High-Net-Worth Homeowners,2609000,Kinshasa
LOC00357,Johannesburg Commercial #0357,-26.1831,28.0777,South Africa,Commercial Property,70733000,Johannesburg
LOC00358,Manzanillo Marine #0358,19.0482,-104.3172,Mexico,Marine Cargo,13974000,Manzanillo
LOC00359,Shenzhen Energy #0359,22.5236,114.0154,China,Energy,53704000,Shenzhen
LOC00360,New Orleans Commercial #0360,30.0718,-90.0415,United States,Commercial Property,244370000,New Orleans
LOC00361,Rotterdam Marine #0361,51.9282,4.4671,Netherlands,Marine Cargo,3640000,Rotterdam
LOC00362,Honolulu Travel #0362,21.3169,-157.8684,United States,Travel,1808000,Honolulu
LOC00363,New York Business #0363,40.8552,-73.9663,United States,Business Interruption,4375000,New York
LOC00364,Milan High-Net-Worth #0364,45.5711,9.4001,Italy,High-Net-Worth Homeowners,1235000,Milan
LOC00365,Sydney Commercial #0365,-34.0356,151.3141,Australia,Commercial Property,11693000,Sydney
LOC00366,Miami High-Net-Worth #0366,25.7655,-80.1024,United States,High-Net-Worth Homeowners,8486000,Miami
LOC00367,Shenzhen Commercial #0367,22.3752,113.9936,China,Commercial Property,23494000,Shenzhen
LOC00368,Santiago High-Net-Worth #0368,-33.6225,-70.6136,Chile,High-Net-Worth Homeowners,4618000,Santiago
LOC00369,Houston Business #0369,29.7951,-95.393,United States,Business Interruption,15656000,Houston
LOC00370,Kinshasa Business #0370,-4.4891,15.2354,Democratic Republic of the Congo,Business Interruption,41134000,Kinshasa
LOC00371,Manzanillo Commercial #0371,19.0651,-104.3091,Mexico,Commercial Property,35953000,Manzanillo
LOC00372,Tampa High-Net-Worth #0372,27.8846,-82.5015,United States,High-Net-Worth Homeowners,17136000,Tampa
LOC00373,Santo Domingo Energy #0373,18.5297,-70.1179,Dominican Republic,Energy,327750000,Santo Domingo
LOC00374,Osaka Commercial #0374,34.5473,135.4823,Japan,Commercial Property,15735000,Osaka
LOC00375,Cabo San Lucas High-Net-Worth #0375,22.6521,-110.1055,Mexico,High-Net-Worth Homeowners,9192000,Cabo San Lucas
LOC00376,Tampa Commercial #0376,28.04,-82.5153,United States,Commercial Property,13559000,Tampa
LOC00377,New Orleans High-Net-Worth #0377,29.9419,-90.0601,United States,High-Net-Worth Homeowners,1655000,New Orleans
LOC00378,Hong Kong Commercial #0378,22.2703,114.2455,China,Commercial Property,30536000,Hong Kong
LOC00379,Cabo San Lucas High-Net-Worth #0379,22.8851,-110.0689,Mexico,High-Net-Worth Homeowners,2230000,Cabo San Lucas
LOC00380,Boston Business #0380,42.4859,-70.9943,United States,Business Interruption,15943000,Boston
LOC00381,Shanghai Commercial #0381,31.033,121.564,China,Commercial Property,25252000,Shanghai
LOC00382,Hong Kong High-Net-Worth #0382,22.1867,114.1736,China,High-Net-Worth Homeowners,278000,Hong Kong
LOC00383,San Juan High-Net-Worth #0383,18.2792,-66.1216,Puerto Rico,High-Net-Worth Homeowners,7889000,San Juan
LOC00384,New York Commercial #0384,40.9071,-73.7653,United States,Commercial Property,71034000,New York
LOC00385,San Francisco Commercial #0385,37.9224,-122.638,United States,Commercial Property,16617000,San Francisco
LOC00386,Kona / Hilo Commercial #0386,19.5226,-155.9348,United States,Commercial Property,11102000,Kona / Hilo
LOC00387,Tampa Commercial #0387,28.3417,-82.2666,United States,Commercial Property,25744000,Tampa
LOC00388,Johannesburg Business #0388,-26.1508,28.1318,South Africa,Business Interruption,10158000,Johannesburg
LOC00389,Houston Commercial #0389,29.6803,-95.2679,United States,Commercial Property,32823000,Houston
LOC00390,Manzanillo Commercial #0390,19.0803,-104.4295,Mexico,Commercial Property,32784000,Manzanillo
LOC00391,London Commercial #0391,51.3478,-0.2442,United Kingdom,Commercial Property,65344000,London
LOC00392,Kaohsiung Marine #0392,22.8055,120.4392,Taiwan,Marine Cargo,13737000,Kaohsiung
LOC00393,Mumbai Commercial #0393,19.2867,72.8837,India,Commercial Property,41837000,Mumbai
LOC00394,Jakarta High-Net-Worth #0394,-6.3699,106.9156,Indonesia,High-Net-Worth Homeowners,4900000,Jakarta
LOC00395,Milan High-Net-Worth #0395,45.4326,9.1686,Italy,High-Net-Worth Homeowners,11202000,Milan
LOC00396,Chennai Commercial #0396,13.0341,80.2801,India,Commercial Property,12106000,Chennai
LOC00397,Houston High-Net-Worth #0397,29.7624,-95.2711,United States,High-Net-Worth Homeowners,4598000,Houston
LOC00398,Osaka Marine #0398,34.5864,135.4938,Japan,Marine Cargo,20845000,Osaka
LOC00399,Surabaya Commercial #0399,-7.2298,112.6726,Indonesia,Commercial Property,18343000,Surabaya
LOC00400,Taipei High-Net-Worth #0400,25.0448,121.6073,Taiwan,High-Net-Worth Homeowners,10018000,Taipei
LOC00401,Kolkata Commercial #0401,22.4872,88.4815,India,Commercial Property,16012000,Kolkata
LOC00402,Tokyo High-Net-Worth #0402,35.6932,140.1632,Japan,High-Net-Worth Homeowners,4210000,Tokyo
LOC00403,New York Commercial #0403,40.7568,-74.0413,United States,Commercial Property,23713000,New York
LOC00404,Lima Commercial #0404,-12.1308,-76.9542,Peru,Commercial Property,10580000,Lima
LOC00405,Boston Commercial #0405,42.3135,-70.5724,United States,Commercial Property,51536000,Boston
LOC00406,Hong Kong Business #0406,22.3069,114.2202,China,Business Interruption,6454000,Hong Kong
LOC00407,Izmir Commercial #0407,38.4569,27.185,Türkiye,Commercial Property,49121000,Izmir
LOC00408,New York Commercial #0408,40.7041,-74.0195,United States,Commercial Property,57219000,New York
LOC00409,Hamburg Commercial #0409,53.6691,10.3764,Germany,Commercial Property,49975000,Hamburg
LOC00410,Naples FL High-Net-Worth #0410,26.2519,-81.9634,United States,High-Net-Worth Homeowners,1401000,Naples FL
LOC00411,Milan Business #0411,45.594,9.072,Italy,Business Interruption,22321000,Milan
LOC00412,New York Marine #0412,40.6894,-74.0121,United States,Marine Cargo,65164000,New York
LOC00413,Houston Energy #0413,29.6127,-95.3345,United States,Energy,306515000,Houston
LOC00414,Milan High-Net-Worth #0414,45.5089,9.1428,Italy,High-Net-Worth Homeowners,8430000,Milan
LOC00415,Boston Marine #0415,42.3174,-70.9388,United States,Marine Cargo,19333000,Boston
LOC00416,New York Commercial #0416,40.6842,-74.1341,United States,Commercial Property,7302000,New York
LOC00417,Boston Commercial #0417,42.3597,-71.0257,United States,Commercial Property,55153000,Boston
LOC00418,Kaohsiung Business #0418,22.6855,120.3883,Taiwan,Business Interruption,42011000,Kaohsiung
LOC00419,Athens Business #0419,37.983,23.7497,Greece,Business Interruption,42988000,Athens
LOC00420,Boston Business #0420,42.5431,-71.1209,United States,Business Interruption,13063000,Boston
LOC00421,New York Business #0421,40.5912,-73.6591,United States,Business Interruption,22193000,New York
LOC00422,Hong Kong High-Net-Worth #0422,22.3267,114.0728,China,High-Net-Worth Homeowners,3144000,Hong Kong
LOC00423,Mexico City Commercial #0423,19.3761,-99.455,Mexico,Commercial Property,7325000,Mexico City
LOC00424,Boston High-Net-Worth #0424,42.3386,-71.3058,United States,High-Net-Worth Homeowners,1711000,Boston
LOC00425,Miami High-Net-Worth #0425,25.7591,-80.2006,United States,High-Net-Worth Homeowners,2413000,Miami
LOC00426,Miami High-Net-Worth #0426,25.7663,-80.1896,United States,High-Net-Worth Homeowners,6702000,Miami
LOC00427,Puerto Vallarta Commercial #0427,20.5784,-105.306,Mexico,Commercial Property,8721000,Puerto Vallarta
LOC00428,New York Business #0428,40.7637,-74.0704,United States,Business Interruption,38905000,New York
LOC00429,Athens Commercial #0429,37.9575,23.7603,Greece,Commercial Property,40085000,Athens
LOC00430,Cabo San Lucas High-Net-Worth #0430,22.8702,-109.8998,Mexico,High-Net-Worth Homeowners,2196000,Cabo San Lucas
LOC00431,Visakhapatnam Commercial #0431,17.7375,83.1103,India,Commercial Property,60740000,Visakhapatnam
LOC00432,Lagos Business #0432,6.5735,3.4306,Nigeria,Business Interruption,5193000,Lagos
LOC00433,Maui Accident #0433,20.7165,-156.2834,United States,Accident & Health,2478000,Maui
LOC00434,Manzanillo Business #0434,19.0515,-104.6411,Mexico,Business Interruption,28467000,Manzanillo
LOC00435,Shanghai Marine #0435,31.1556,121.4354,China,Marine Cargo,9891000,Shanghai
LOC00436,Charleston Marine #0436,32.7784,-79.946,United States,Marine Cargo,12504000,Charleston
LOC00437,Istanbul Energy #0437,41.0337,28.9717,Türkiye,Energy,276992000,Istanbul
LOC00438,San Juan High-Net-Worth #0438,18.2575,-65.9269,Puerto Rico,High-Net-Worth Homeowners,2893000,San Juan
LOC00439,Los Angeles High-Net-Worth #0439,34.0351,-118.4698,United States,High-Net-Worth Homeowners,4613000,Los Angeles
LOC00440,Boston Commercial #0440,42.3538,-71.0696,United States,Commercial Property,42792000,Boston
LOC00441,Manzanillo Business #0441,19.0329,-104.3073,Mexico,Business Interruption,34365000,Manzanillo
LOC00442,Honolulu Commercial #0442,21.2804,-157.8759,United States,Commercial Property,6768000,Honolulu
LOC00443,Shenzhen Energy #0443,22.7012,114.1907,China,Energy,152866000,Shenzhen
LOC00444,Acapulco Travel #0444,16.8983,-99.9026,Mexico,Travel,557000,Acapulco
LOC00445,Johannesburg Commercial #0445,-26.2216,28.0485,South Africa,Commercial Property,50639000,Johannesburg
LOC00446,Jakarta Business #0446,-6.1387,106.9396,Indonesia,Business Interruption,21163000,Jakarta
LOC00447,Mexico City Business #0447,19.4728,-99.2666,Mexico,Business Interruption,43644000,Mexico City
LOC00448,Houston High-Net-Worth #0448,29.7425,-95.2925,United States,High-Net-Worth Homeowners,1924000,Houston
LOC00449,Miami Marine #0449,25.963,-79.9494,United States,Marine Cargo,24724000,Miami
LOC00450,Shanghai Commercial #0450,31.3111,121.3865,China,Commercial Property,24870000,Shanghai
LOC00451,Miami Marine #0451,25.8149,-80.0909,United States,Marine Cargo,1629000,Miami
LOC00452,Hong Kong Commercial #0452,22.2632,114.1425,China,Commercial Property,90184000,Hong Kong
LOC00453,Manzanillo Business #0453,19.1092,-104.3164,Mexico,Business Interruption,121178000,Manzanillo
LOC00454,New York Business #0454,40.3713,-74.4925,United States,Business Interruption,27811000,New York
LOC00455,Kona / Hilo Business #0455,19.7327,-156.0056,United States,Business Interruption,15330000,Kona / Hilo
LOC00456,Santiago High-Net-Worth #0456,-33.4185,-70.8412,Chile,High-Net-Worth Homeowners,4307000,Santiago
LOC00457,Kingston Marine #0457,17.8527,-76.6626,Jamaica,Marine Cargo,14593000,Kingston
LOC00458,Sydney Commercial #0458,-33.7137,151.1343,Australia,Commercial Property,9456000,Sydney
LOC00459,Mexico City Business #0459,19.2298,-99.1497,Mexico,Business Interruption,9427000,Mexico City
LOC00460,Boston High-Net-Worth #0460,42.43,-71.1792,United States,High-Net-Worth Homeowners,5333000,Boston
LOC00461,Sydney Commercial #0461,-33.9282,151.3361,Australia,Commercial Property,58872000,Sydney
LOC00462,Rotterdam Marine #0462,51.9057,4.526,Netherlands,Marine Cargo,27434000,Rotterdam
LOC00463,Boston Commercial #0463,42.3776,-71.0566,United States,Commercial Property,24866000,Boston
LOC00464,Puerto Vallarta High-Net-Worth #0464,20.6729,-105.215,Mexico,High-Net-Worth Homeowners,2714000,Puerto Vallarta
LOC00465,Istanbul High-Net-Worth #0465,40.9193,28.9791,Türkiye,High-Net-Worth Homeowners,7821000,Istanbul
LOC00466,Osaka High-Net-Worth #0466,34.7775,135.7224,Japan,High-Net-Worth Homeowners,4436000,Osaka
LOC00467,Shanghai Business #0467,31.2294,121.469,China,Business Interruption,6668000,Shanghai
LOC00468,Acapulco Commercial #0468,16.8025,-99.5762,Mexico,Commercial Property,15168000,Acapulco
LOC00469,Valparaiso Marine #0469,-32.8985,-71.5674,Chile,Marine Cargo,16054000,Valparaiso
LOC00470,Osaka Commercial #0470,34.7328,135.5183,Japan,Commercial Property,36675000,Osaka
LOC00471,Hong Kong Energy #0471,22.3257,114.0381,China,Energy,143721000,Hong Kong
LOC00472,Dubai Commercial #0472,25.7452,55.2187,United Arab Emirates,Commercial Property,23443000,Dubai
LOC00473,Dubai Commercial #0473,25.2578,55.243,United Arab Emirates,Commercial Property,20693000,Dubai
LOC00474,Sydney Commercial #0474,-33.8819,151.4232,Australia,Commercial Property,32406000,Sydney
LOC00475,Mazatlan Marine #0475,23.1944,-106.3217,Mexico,Marine Cargo,14272000,Mazatlan
LOC00476,Puerto Vallarta Business #0476,20.6677,-105.4414,Mexico,Business Interruption,33473000,Puerto Vallarta
LOC00477,New York Commercial #0477,40.5563,-74.0614,United States,Commercial Property,23193000,New York
LOC00478,New Orleans Commercial #0478,29.774,-90.0646,United States,Commercial Property,11620000,New Orleans
LOC00479,London Accident #0479,51.5683,-0.0401,United Kingdom,Accident & Health,3253000,London
LOC00480,Cabo San Lucas Commercial #0480,22.7223,-109.5959,Mexico,Commercial Property,7602000,Cabo San Lucas
LOC00481,Houston Energy #0481,29.8858,-95.2908,United States,Energy,112389000,Houston
LOC00482,Rotterdam Marine #0482,51.8431,4.6204,Netherlands,Marine Cargo,9059000,Rotterdam
LOC00483,Mexico City Energy #0483,19.3733,-99.2047,Mexico,Energy,135821000,Mexico City
LOC00484,Istanbul Commercial #0484,41.0395,28.9752,Türkiye,Commercial Property,14450000,Istanbul
LOC00485,Johannesburg Commercial #0485,-26.2144,28.1574,South Africa,Commercial Property,26911000,Johannesburg
LOC00486,Concepcion Commercial #0486,-36.8535,-72.9651,Chile,Commercial Property,3609000,Concepcion
LOC00487,Miami High-Net-Worth #0487,25.7704,-80.1396,United States,High-Net-Worth Homeowners,1479000,Miami
LOC00488,Valencia Business #0488,39.385,-0.3104,Spain,Business Interruption,34768000,Valencia
LOC00489,Jakarta Marine #0489,-6.3291,106.9166,Indonesia,Marine Cargo,19229000,Jakarta
LOC00490,Miami Business #0490,25.7513,-80.2017,United States,Business Interruption,34683000,Miami
LOC00491,London Marine #0491,51.435,-0.1379,United Kingdom,Marine Cargo,3855000,London
LOC00492,San Francisco High-Net-Worth #0492,37.6213,-122.4316,United States,High-Net-Worth Homeowners,5064000,San Francisco
LOC00493,Johannesburg Commercial #0493,-26.0619,27.9493,South Africa,Commercial Property,19227000,Johannesburg
LOC00494,Hong Kong Commercial #0494,22.3087,114.0883,China,Commercial Property,4545000,Hong Kong
LOC00495,Visakhapatnam Commercial #0495,17.6543,83.1429,India,Commercial Property,24079000,Visakhapatnam
LOC00496,Sydney Commercial #0496,-33.8524,151.1634,Australia,Commercial Property,5996000,Sydney
LOC00497,New York Commercial #0497,40.7432,-73.9994,United States,Commercial Property,39194000,New York
LOC00498,Acapulco Business #0498,16.6482,-99.6174,Mexico,Business Interruption,8530000,Acapulco
LOC00499,Visakhapatnam Marine #0499,17.7388,82.9758,India,Marine Cargo,22632000,Visakhapatnam
LOC00500,Milan Business #0500,45.5971,9.322,Italy,Business Interruption,22223000,Milan
LOC00501,Miami High-Net-Worth #0501,25.8073,-80.1405,United States,High-Net-Worth Homeowners,5724000,Miami
LOC00502,Osaka Business #0502,34.7306,135.541,Japan,Business Interruption,50066000,Osaka
LOC00503,Los Angeles Business #0503,33.9526,-118.26,United States,Business Interruption,9999000,Los Angeles
LOC00504,Johannesburg Commercial #0504,-25.9766,27.9227,South Africa,Commercial Property,40394000,Johannesburg
LOC00505,Puerto Vallarta Commercial #0505,20.6355,-105.2216,Mexico,Commercial Property,12171000,Puerto Vallarta
LOC00506,Chennai Business #0506,13.0503,80.4104,India,Business Interruption,29539000,Chennai
LOC00507,Lima Commercial #0507,-12.0564,-77.1149,Peru,Commercial Property,16432000,Lima
LOC00508,Athens Business #0508,37.9301,23.8331,Greece,Business Interruption,33830000,Athens
LOC00509,Houston Energy #0509,29.7857,-95.2756,United States,Energy,162153000,Houston
LOC00510,Charleston Business #0510,32.6566,-80.1221,United States,Business Interruption,17857000,Charleston
LOC00511,Maui Commercial #0511,20.7042,-156.1804,United States,Commercial Property,43422000,Maui
LOC00512,Istanbul Commercial #0512,40.9512,28.8978,Türkiye,Commercial Property,36719000,Istanbul
LOC00513,Milan Business #0513,45.5345,9.349,Italy,Business Interruption,60173000,Milan
LOC00514,Tokyo Commercial #0514,35.5732,139.4819,Japan,Commercial Property,13433000,Tokyo
LOC00515,Tokyo Business #0515,35.4769,139.8644,Japan,Business Interruption,31430000,Tokyo
LOC00516,Bogota High-Net-Worth #0516,4.843,-74.0665,Colombia,High-Net-Worth Homeowners,1924000,Bogota
LOC00517,Kolkata Marine #0517,22.5756,88.3428,India,Marine Cargo,2249000,Kolkata
LOC00518,Acapulco Commercial #0518,16.8171,-99.9012,Mexico,Commercial Property,58025000,Acapulco
LOC00519,New York Marine #0519,40.5848,-74.1763,United States,Marine Cargo,17946000,New York
LOC00520,Istanbul High-Net-Worth #0520,41.0825,28.9888,Türkiye,High-Net-Worth Homeowners,2269000,Istanbul
LOC00521,Mexico City Business #0521,19.3765,-98.8677,Mexico,Business Interruption,13071000,Mexico City
LOC00522,Cabo San Lucas High-Net-Worth #0522,22.8727,-109.8602,Mexico,High-Net-Worth Homeowners,2043000,Cabo San Lucas
LOC00523,Johannesburg Business #0523,-26.0726,28.1194,South Africa,Business Interruption,105305000,Johannesburg
LOC00524,New York Commercial #0524,40.5571,-74.1589,United States,Commercial Property,18362000,New York
LOC00525,Houston Business #0525,29.6838,-95.2908,United States,Business Interruption,25340000,Houston
LOC00526,Shanghai Energy #0526,31.2211,121.4776,China,Energy,275790000,Shanghai
LOC00527,Cabo San Lucas Business #0527,22.9565,-109.8265,Mexico,Business Interruption,7026000,Cabo San Lucas
LOC00528,Manila Commercial #0528,14.6028,120.9835,Philippines,Commercial Property,56406000,Manila
LOC00529,New York Business #0529,40.8128,-73.9327,United States,Business Interruption,31461000,New York
LOC00530,San Francisco Energy #0530,37.773,-122.4276,United States,Energy,704778000,San Francisco
LOC00531,Tokyo Commercial #0531,35.9547,139.5866,Japan,Commercial Property,30315000,Tokyo
LOC00532,Shenzhen Commercial #0532,22.4373,113.9652,China,Commercial Property,11086000,Shenzhen
LOC00533,Tampa Commercial #0533,27.9061,-82.3045,United States,Commercial Property,14870000,Tampa
LOC00534,Maui High-Net-Worth #0534,20.8069,-156.3268,United States,High-Net-Worth Homeowners,4837000,Maui
LOC00535,Manila Business #0535,14.508,120.8256,Philippines,Business Interruption,8307000,Manila
LOC00536,Taipei High-Net-Worth #0536,25.0285,121.5758,Taiwan,High-Net-Worth Homeowners,10701000,Taipei
LOC00537,Tokyo Business #0537,35.7012,139.7214,Japan,Business Interruption,76766000,Tokyo
LOC00538,San Francisco Commercial #0538,37.7744,-122.376,United States,Commercial Property,26592000,San Francisco
LOC00539,Concepcion Energy #0539,-36.7856,-73.0843,Chile,Energy,152858000,Concepcion
LOC00540,New York Business #0540,40.7268,-74.0076,United States,Business Interruption,24240000,New York
LOC00541,New Orleans Business #0541,29.9592,-90.0426,United States,Business Interruption,15193000,New Orleans
LOC00542,Praia High-Net-Worth #0542,14.8443,-23.5379,Cape Verde,High-Net-Worth Homeowners,4328000,Praia
LOC00543,Chennai Business #0543,13.0157,80.3077,India,Business Interruption,24761000,Chennai
LOC00544,Mexico City Marine #0544,19.3697,-99.161,Mexico,Marine Cargo,37520000,Mexico City
LOC00545,Tampa Business #0545,27.9556,-82.3968,United States,Business Interruption,18842000,Tampa
LOC00546,Praia Business #0546,14.8229,-23.8973,Cape Verde,Business Interruption,47041000,Praia
LOC00547,Tokyo Commercial #0547,35.6679,139.724,Japan,Commercial Property,27393000,Tokyo
LOC00548,Mexico City Commercial #0548,19.5388,-98.9914,Mexico,Commercial Property,47175000,Mexico City
LOC00549,Kaohsiung Business #0549,22.7667,120.5385,Taiwan,Business Interruption,161918000,Kaohsiung
LOC00550,Taipei Energy #0550,25.1891,121.6127,Taiwan,Energy,113730000,Taipei
LOC00551,Kinshasa High-Net-Worth #0551,-4.535,15.3582,Democratic Republic of the Congo,High-Net-Worth Homeowners,1732000,Kinshasa
LOC00552,Tokyo Commercial #0552,35.7841,139.6863,Japan,Commercial Property,18389000,Tokyo
LOC00553,Shenzhen Business #0553,22.6091,113.8706,China,Business Interruption,6504000,Shenzhen
LOC00554,Honolulu High-Net-Worth #0554,21.197,-157.8356,United States,High-Net-Worth Homeowners,9148000,Honolulu
LOC00555,La Paz BCS Commercial #0555,24.1626,-110.5079,Mexico,Commercial Property,10355000,La Paz BCS
LOC00556,Santo Domingo Commercial #0556,18.5782,-69.931,Dominican Republic,Commercial Property,33571000,Santo Domingo
LOC00557,Rotterdam High-Net-Worth #0557,51.9838,4.5721,Netherlands,High-Net-Worth Homeowners,2656000,Rotterdam
LOC00558,London Commercial #0558,51.7867,0.5699,United Kingdom,Commercial Property,26497000,London
LOC00559,Taipei Commercial #0559,25.0392,121.5035,Taiwan,Commercial Property,13889000,Taipei
LOC00560,Istanbul High-Net-Worth #0560,40.8164,28.9134,Türkiye,High-Net-Worth Homeowners,3164000,Istanbul
LOC00561,Maui Commercial #0561,20.7216,-156.304,United States,Commercial Property,9514000,Maui
LOC00562,Surabaya Business #0562,-7.3609,112.8029,Indonesia,Business Interruption,8350000,Surabaya
LOC00563,Charleston Marine #0563,32.8093,-79.9176,United States,Marine Cargo,29856000,Charleston
LOC00564,London Commercial #0564,51.6627,0.0707,United Kingdom,Commercial Property,14214000,London
LOC00565,London Accident #0565,51.3702,-0.2973,United Kingdom,Accident & Health,1131000,London
LOC00566,Taipei High-Net-Worth #0566,25.0838,121.5686,Taiwan,High-Net-Worth Homeowners,2473000,Taipei
LOC00567,Praia High-Net-Worth #0567,14.8829,-23.3268,Cape Verde,High-Net-Worth Homeowners,2800000,Praia
LOC00568,Miami Business #0568,25.7149,-80.0044,United States,Business Interruption,14549000,Miami
LOC00569,Valencia Marine #0569,39.4283,-0.7197,Spain,Marine Cargo,11366000,Valencia
LOC00570,San Diego Marine #0570,32.7366,-117.1414,United States,Marine Cargo,20632000,San Diego
LOC00571,Kinshasa Commercial #0571,-4.346,15.242,Democratic Republic of the Congo,Commercial Property,39011000,Kinshasa
LOC00572,Praia High-Net-Worth #0572,14.801,-23.4669,Cape Verde,High-Net-Worth Homeowners,3498000,Praia
LOC00573,San Diego Marine #0573,32.8967,-117.1248,United States,Marine Cargo,25858000,San Diego
LOC00574,Tampa Business #0574,27.8922,-82.5634,United States,Business Interruption,6717000,Tampa
LOC00575,Nairobi Business #0575,-1.1055,36.9105,Kenya,Business Interruption,7785000,Nairobi
LOC00576,Johannesburg Accident #0576,-26.2529,27.8029,South Africa,Accident & Health,1314000,Johannesburg
LOC00577,Houston High-Net-Worth #0577,29.8436,-95.3814,United States,High-Net-Worth Homeowners,8059000,Houston
LOC00578,Lagos Marine #0578,6.5234,3.3802,Nigeria,Marine Cargo,5819000,Lagos
LOC00579,San Francisco Commercial #0579,37.7142,-122.4179,United States,Commercial Property,8877000,San Francisco
LOC00580,Cabo San Lucas Business #0580,22.9397,-109.8975,Mexico,Business Interruption,66809000,Cabo San Lucas
LOC00581,Valparaiso Energy #0581,-32.9968,-71.6686,Chile,Energy,418439000,Valparaiso
LOC00582,London Commercial #0582,51.5408,-0.2354,United Kingdom,Commercial Property,52970000,London
LOC00583,San Francisco High-Net-Worth #0583,37.8222,-122.8614,United States,High-Net-Worth Homeowners,2203000,San Francisco
LOC00584,Hamburg Marine #0584,53.5003,10.0757,Germany,Marine Cargo,18252000,Hamburg
LOC00585,Santiago Commercial #0585,-33.4596,-70.4321,Chile,Commercial Property,11585000,Santiago
LOC00586,San Diego High-Net-Worth #0586,32.7299,-117.2734,United States,High-Net-Worth Homeowners,3167000,San Diego
LOC00587,New Orleans Marine #0587,29.8124,-90.0776,United States,Marine Cargo,17603000,New Orleans
LOC00588,Rotterdam Marine #0588,51.9662,4.5091,Netherlands,Marine Cargo,34244000,Rotterdam
LOC00589,Manila Commercial #0589,14.6527,121.0565,Philippines,Commercial Property,11901000,Manila
LOC00590,Jakarta High-Net-Worth #0590,-6.1536,106.9287,Indonesia,High-Net-Worth Homeowners,4861000,Jakarta
LOC00591,New York Commercial #0591,40.7716,-73.9915,United States,Commercial Property,27068000,New York
LOC00592,Hamburg Commercial #0592,53.5297,9.7118,Germany,Commercial Property,99654000,Hamburg
LOC00593,Jakarta Commercial #0593,-6.1647,106.8095,Indonesia,Commercial Property,51867000,Jakarta
LOC00594,Hong Kong High-Net-Worth #0594,22.1009,114.2595,China,High-Net-Worth Homeowners,8903000,Hong Kong
LOC00595,La Paz BCS Marine #0595,24.1033,-110.5384,Mexico,Marine Cargo,23953000,La Paz BCS
LOC00596,Sydney High-Net-Worth #0596,-33.8871,150.9642,Australia,High-Net-Worth Homeowners,5638000,Sydney
LOC00597,New York High-Net-Worth #0597,40.9434,-73.6801,United States,High-Net-Worth Homeowners,3341000,New York
LOC00598,San Francisco Commercial #0598,37.8264,-122.4593,United States,Commercial Property,59454000,San Francisco
LOC00599,Shanghai Marine #0599,31.2865,121.4198,China,Marine Cargo,11057000,Shanghai
LOC00600,Mumbai Accident #0600,19.0045,72.8728,India,Accident & Health,5165000,Mumbai
LOC00601,San Francisco Commercial #0601,37.6208,-122.2492,United States,Commercial Property,59946000,San Francisco
LOC00602,Rotterdam High-Net-Worth #0602,52.0842,4.6845,Netherlands,High-Net-Worth Homeowners,1810000,Rotterdam
LOC00603,Shanghai Commercial #0603,31.1617,121.6035,China,Commercial Property,23927000,Shanghai
LOC00604,Tampa Marine #0604,27.9966,-82.4196,United States,Marine Cargo,3363000,Tampa
LOC00605,Jakarta Commercial #0605,-6.295,106.8396,Indonesia,Commercial Property,36315000,Jakarta
LOC00606,Acapulco High-Net-Worth #0606,17.055,-99.7038,Mexico,High-Net-Worth Homeowners,5746000,Acapulco
LOC00607,Hong Kong Commercial #0607,22.3165,114.3115,China,Commercial Property,27406000,Hong Kong
LOC00608,Mexico City Commercial #0608,19.4226,-99.1172,Mexico,Commercial Property,28601000,Mexico City
LOC00609,Visakhapatnam Commercial #0609,17.7342,83.1247,India,Commercial Property,56301000,Visakhapatnam
LOC00610,San Francisco Commercial #0610,37.3385,-122.2296,United States,Commercial Property,19653000,San Francisco
LOC00611,Mexico City Business #0611,19.516,-99.0058,Mexico,Business Interruption,59215000,Mexico City
LOC00612,Boston Marine #0612,42.3725,-71.039,United States,Marine Cargo,4244000,Boston
LOC00613,Jakarta Business #0613,-5.8665,106.8694,Indonesia,Business Interruption,9727000,Jakarta
LOC00614,Kingston Commercial #0614,17.8533,-76.6683,Jamaica,Commercial Property,39202000,Kingston
LOC00615,Kaohsiung Marine #0615,22.6522,120.3368,Taiwan,Marine Cargo,14109000,Kaohsiung
LOC00616,New Orleans Marine #0616,30.0732,-90.1008,United States,Marine Cargo,13108000,New Orleans
LOC00617,Kona / Hilo High-Net-Worth #0617,19.6846,-156.0826,United States,High-Net-Worth Homeowners,915000,Kona / Hilo
LOC00618,Tokyo Commercial #0618,35.7137,139.7289,Japan,Commercial Property,38571000,Tokyo
LOC00619,Shanghai Marine #0619,31.237,121.5034,China,Marine Cargo,3251000,Shanghai
LOC00620,Miami High-Net-Worth #0620,25.8985,-80.3501,United States,High-Net-Worth Homeowners,3013000,Miami
LOC00621,Boston Business #0621,42.3739,-71.0242,United States,Business Interruption,43275000,Boston
LOC00622,Tokyo Commercial #0622,35.6369,139.7521,Japan,Commercial Property,9449000,Tokyo
LOC00623,San Juan Commercial #0623,18.5576,-66.2278,Puerto Rico,Commercial Property,11090000,San Juan
LOC00624,Acapulco High-Net-Worth #0624,16.7416,-99.9128,Mexico,High-Net-Worth Homeowners,18406000,Acapulco
LOC00625,Bogota Commercial #0625,4.8874,-73.9412,Colombia,Commercial Property,12829000,Bogota
LOC00626,Hamburg Commercial #0626,53.5449,9.9927,Germany,Commercial Property,93343000,Hamburg
LOC00627,Milan Business #0627,45.3194,9.0566,Italy,Business Interruption,43231000,Milan
LOC00628,Osaka Commercial #0628,34.4169,135.2497,Japan,Commercial Property,11045000,Osaka
LOC00629,Dubai Commercial #0629,25.2239,55.0194,United Arab Emirates,Commercial Property,17403000,Dubai
LOC00630,Tokyo Commercial #0630,35.7034,139.6307,Japan,Commercial Property,31943000,Tokyo
LOC00631,San Diego Commercial #0631,32.9637,-116.9689,United States,Commercial Property,15647000,San Diego
LOC00632,New Orleans Marine #0632,30.0795,-90.0099,United States,Marine Cargo,9286000,New Orleans
LOC00633,Taipei Business #0633,25.0525,121.5142,Taiwan,Business Interruption,44304000,Taipei
LOC00634,Istanbul Commercial #0634,40.971,29.0722,Türkiye,Commercial Property,25609000,Istanbul
LOC00635,Tokyo Energy #0635,35.7274,139.4383,Japan,Energy,438599000,Tokyo
LOC00636,Sydney Commercial #0636,-33.8734,151.1813,Australia,Commercial Property,26365000,Sydney
LOC00637,Taipei Business #0637,25.394,121.5847,Taiwan,Business Interruption,25568000,Taipei
LOC00638,New York Business #0638,40.4066,-73.9015,United States,Business Interruption,7555000,New York
LOC00639,Kampala Business #0639,0.3477,32.5637,Uganda,Business Interruption,48985000,Kampala
LOC00640,San Francisco Commercial #0640,37.6955,-122.3534,United States,Commercial Property,39353000,San Francisco
LOC00641,Shenzhen High-Net-Worth #0641,22.4848,113.7536,China,High-Net-Worth Homeowners,7225000,Shenzhen
LOC00642,Goma High-Net-Worth #0642,-1.7568,29.2014,Democratic Republic of the Congo,High-Net-Worth Homeowners,1315000,Goma
LOC00643,Los Angeles Business #0643,34.1119,-118.1491,United States,Business Interruption,38297000,Los Angeles
LOC00644,Tokyo Commercial #0644,35.6968,139.6583,Japan,Commercial Property,127231000,Tokyo
LOC00645,Santiago Commercial #0645,-33.4617,-70.6671,Chile,Commercial Property,41373000,Santiago
LOC00646,Shanghai Commercial #0646,31.3466,121.5049,China,Commercial Property,20366000,Shanghai
LOC00647,Tampa Commercial #0647,28.0748,-82.3768,United States,Commercial Property,8927000,Tampa
LOC00648,Los Angeles Commercial #0648,34.0509,-118.3236,United States,Commercial Property,58134000,Los Angeles
LOC00649,Shanghai Marine #0649,31.3155,121.3064,China,Marine Cargo,58717000,Shanghai
LOC00650,Manila Commercial #0650,14.7381,120.7035,Philippines,Commercial Property,4566000,Manila
LOC00651,Valencia Commercial #0651,39.4881,-0.5378,Spain,Commercial Property,29560000,Valencia
LOC00652,Santiago Commercial #0652,-33.4611,-70.7527,Chile,Commercial Property,1351000,Santiago
LOC00653,Tampa Commercial #0653,27.7385,-82.5965,United States,Commercial Property,10460000,Tampa
LOC00654,Miami Marine #0654,25.8555,-80.1186,United States,Marine Cargo,31741000,Miami
LOC00655,Houston Business #0655,29.7728,-95.3806,United States,Business Interruption,41105000,Houston
LOC00656,London High-Net-Worth #0656,51.6051,-0.2304,United Kingdom,High-Net-Worth Homeowners,11458000,London
LOC00657,Manila Energy #0657,14.6092,121.0485,Philippines,Energy,63217000,Manila
LOC00658,Houston High-Net-Worth #0658,29.9158,-95.3048,United States,High-Net-Worth Homeowners,1320000,Houston
LOC00659,San Francisco Commercial #0659,37.9287,-122.261,United States,Commercial Property,49176000,San Francisco
LOC00660,Manzanillo High-Net-Worth #0660,19.0699,-104.3165,Mexico,High-Net-Worth Homeowners,9269000,Manzanillo
LOC00661,London High-Net-Worth #0661,51.4621,-0.1619,United Kingdom,High-Net-Worth Homeowners,8373000,London
LOC00662,London Accident #0662,51.3821,-0.3294,United Kingdom,Accident & Health,6360000,London
LOC00663,San Juan High-Net-Worth #0663,18.4283,-66.1056,Puerto Rico,High-Net-Worth Homeowners,2039000,San Juan
LOC00664,San Juan Marine #0664,18.3577,-66.0323,Puerto Rico,Marine Cargo,54961000,San Juan
LOC00665,New York Commercial #0665,40.8396,-73.8914,United States,Commercial Property,8605000,New York
LOC00666,Manila Business #0666,14.627,121.0457,Philippines,Business Interruption,27776000,Manila
LOC00667,Kingston Marine #0667,18.037,-76.7054,Jamaica,Marine Cargo,9944000,Kingston
LOC00668,Tampa High-Net-Worth #0668,28.0526,-82.4778,United States,High-Net-Worth Homeowners,964000,Tampa
LOC00669,Tokyo Business #0669,35.6231,139.6393,Japan,Business Interruption,44546000,Tokyo
LOC00670,Chennai Business #0670,12.8754,80.4709,India,Business Interruption,21817000,Chennai
LOC00671,Rotterdam Business #0671,51.7341,4.5745,Netherlands,Business Interruption,7385000,Rotterdam
LOC00672,New York High-Net-Worth #0672,40.7962,-73.9951,United States,High-Net-Worth Homeowners,10235000,New York
LOC00673,Surabaya Energy #0673,-7.2694,112.7032,Indonesia,Energy,173787000,Surabaya
LOC00674,London Commercial #0674,51.4653,-0.597,United Kingdom,Commercial Property,34757000,London
LOC00675,Acapulco High-Net-Worth #0675,17.0331,-99.793,Mexico,High-Net-Worth Homeowners,9746000,Acapulco
LOC00676,Manila High-Net-Worth #0676,14.7922,121.1053,Philippines,High-Net-Worth Homeowners,3399000,Manila
LOC00677,Praia High-Net-Worth #0677,15.2059,-23.597,Cape Verde,High-Net-Worth Homeowners,2548000,Praia
LOC00678,Miami Commercial #0678,25.654,-80.2624,United States,Commercial Property,15341000,Miami
LOC00679,Izmir Business #0679,37.9819,26.7759,Türkiye,Business Interruption,13536000,Izmir
LOC00680,Puerto Vallarta Commercial #0680,20.9099,-105.2317,Mexico,Commercial Property,7924000,Puerto Vallarta
LOC00681,Lima Commercial #0681,-12.1605,-76.9673,Peru,Commercial Property,16967000,Lima
LOC00682,Rotterdam Marine #0682,51.9622,4.7202,Netherlands,Marine Cargo,85581000,Rotterdam
LOC00683,Milan High-Net-Worth #0683,44.976,9.2379,Italy,High-Net-Worth Homeowners,3127000,Milan
LOC00684,Maui High-Net-Worth #0684,20.6879,-156.2817,United States,High-Net-Worth Homeowners,5791000,Maui
LOC00685,Tampa Commercial #0685,27.9519,-82.4515,United States,Commercial Property,43141000,Tampa
LOC00686,Jakarta Commercial #0686,-6.2535,106.7861,Indonesia,Commercial Property,56122000,Jakarta
LOC00687,Cabo San Lucas High-Net-Worth #0687,22.5653,-109.7331,Mexico,High-Net-Worth Homeowners,1257000,Cabo San Lucas
LOC00688,Tokyo High-Net-Worth #0688,35.6801,139.6203,Japan,High-Net-Worth Homeowners,1137000,Tokyo
LOC00689,Bogota Commercial #0689,4.7943,-73.9767,Colombia,Commercial Property,34125000,Bogota
LOC00690,Miami Commercial #0690,25.7602,-80.1925,United States,Commercial Property,23412000,Miami
LOC00691,Tokyo Commercial #0691,35.6181,139.6101,Japan,Commercial Property,11009000,Tokyo
LOC00692,Kona / Hilo Business #0692,19.8618,-156.1274,United States,Business Interruption,14831000,Kona / Hilo
LOC00693,Johannesburg Commercial #0693,-26.2161,28.285,South Africa,Commercial Property,84661000,Johannesburg
LOC00694,Honolulu Commercial #0694,21.5551,-157.9146,United States,Commercial Property,47537000,Honolulu
LOC00695,London Business #0695,51.1978,-0.3136,United Kingdom,Business Interruption,52815000,London
LOC00696,Los Angeles High-Net-Worth #0696,34.0694,-118.3203,United States,High-Net-Worth Homeowners,5022000,Los Angeles
LOC00697,Tokyo High-Net-Worth #0697,35.9066,139.7455,Japan,High-Net-Worth Homeowners,10871000,Tokyo
LOC00698,Hong Kong High-Net-Worth #0698,22.3784,114.3218,China,High-Net-Worth Homeowners,20012000,Hong Kong
LOC00699,Honolulu Commercial #0699,21.2342,-157.9266,United States,Commercial Property,29908000,Honolulu
LOC00700,Istanbul Accident #0700,41.0468,28.9676,Türkiye,Accident & Health,2385000,Istanbul
LOC00701,San Francisco Commercial #0701,37.6868,-122.3466,United States,Commercial Property,7973000,San Francisco
LOC00702,Honolulu High-Net-Worth #0702,21.0882,-158.0483,United States,High-Net-Worth Homeowners,2873000,Honolulu
LOC00703,Concepcion Marine #0703,-36.8969,-72.7406,Chile,Marine Cargo,6402000,Concepcion
LOC00704,San Francisco Commercial #0704,37.8338,-122.2903,United States,Commercial Property,13728000,San Francisco
LOC00705,Shanghai Commercial #0705,31.1483,121.3631,China,Commercial Property,14033000,Shanghai
LOC00706,Nassau Travel #0706,24.9677,-77.3318,Bahamas,Travel,145000,Nassau
LOC00707,Mumbai Business #0707,19.0186,72.8956,India,Business Interruption,104806000,Mumbai
LOC00708,San Diego Commercial #0708,32.7608,-117.1079,United States,Commercial Property,82655000,San Diego
LOC00709,Bogota Business #0709,4.5885,-74.2627,Colombia,Business Interruption,15784000,Bogota
LOC00710,Osaka Business #0710,34.7498,135.6885,Japan,Business Interruption,32812000,Osaka
LOC00711,Shanghai Commercial #0711,31.0674,121.5749,China,Commercial Property,20194000,Shanghai
LOC00712,Milan Accident #0712,45.5129,9.2084,Italy,Accident & Health,3763000,Milan
LOC00713,Concepcion High-Net-Worth #0713,-36.8457,-72.8885,Chile,High-Net-Worth Homeowners,760000,Concepcion
LOC00714,San Francisco High-Net-Worth #0714,37.6782,-122.4046,United States,High-Net-Worth Homeowners,4406000,San Francisco
LOC00715,Miami High-Net-Worth #0715,25.8237,-80.1767,United States,High-Net-Worth Homeowners,14346000,Miami
LOC00716,Sydney Marine #0716,-33.9138,151.2013,Australia,Marine Cargo,7363000,Sydney
LOC00717,Milan High-Net-Worth #0717,45.5666,9.2654,Italy,High-Net-Worth Homeowners,2773000,Milan
LOC00718,Miami High-Net-Worth #0718,25.7943,-80.2245,United States,High-Net-Worth Homeowners,3093000,Miami
LOC00719,New York Business #0719,40.5789,-74.3483,United States,Business Interruption,3562000,New York
LOC00720,Taipei Business #0720,25.1188,121.3928,Taiwan,Business Interruption,9681000,Taipei
LOC00721,Shanghai Energy #0721,31.32,121.6219,China,Energy,94119000,Shanghai
LOC00722,Manila Energy #0722,14.5808,121.0299,Philippines,Energy,161957000,Manila
LOC00723,Naples FL High-Net-Worth #0723,26.132,-81.7704,United States,High-Net-Worth Homeowners,3378000,Naples FL
LOC00724,Tokyo Commercial #0724,35.7003,139.6273,Japan,Commercial Property,22781000,Tokyo
LOC00725,Lagos Commercial #0725,6.5769,3.3208,Nigeria,Commercial Property,14101000,Lagos
LOC00726,Honolulu Accident #0726,21.4709,-157.9195,United States,Accident & Health,500000,Honolulu
LOC00727,Acapulco Travel #0727,16.9221,-99.8734,Mexico,Travel,327000,Acapulco
LOC00728,Manila Marine #0728,14.6442,121.008,Philippines,Marine Cargo,2299000,Manila
LOC00729,Taipei Commercial #0729,25.009,121.5809,Taiwan,Commercial Property,7906000,Taipei
LOC00730,Sydney High-Net-Worth #0730,-34.0515,150.9389,Australia,High-Net-Worth Homeowners,1503000,Sydney
LOC00731,Shanghai Energy #0731,31.4841,121.2568,China,Energy,53460000,Shanghai
LOC00732,San Diego Business #0732,32.7013,-117.1497,United States,Business Interruption,6287000,San Diego
LOC00733,Tampa Commercial #0733,27.9239,-82.4601,United States,Commercial Property,15809000,Tampa
LOC00734,Kingston Commercial #0734,17.9524,-76.6005,Jamaica,Commercial Property,18123000,Kingston
LOC00735,Lagos Business #0735,6.5677,3.2131,Nigeria,Business Interruption,36137000,Lagos
LOC00736,Nairobi Accident #0736,-1.2718,36.6989,Kenya,Accident & Health,401000,Nairobi
LOC00737,Johannesburg Commercial #0737,-26.1954,28.0489,South Africa,Commercial Property,16973000,Johannesburg
LOC00738,Praia Commercial #0738,14.9067,-23.5079,Cape Verde,Commercial Property,76258000,Praia
LOC00739,Mexico City Commercial #0739,19.4432,-99.2956,Mexico,Commercial Property,13246000,Mexico City
LOC00740,Acapulco Travel #0740,16.7684,-100.0021,Mexico,Travel,1467000,Acapulco
LOC00741,Houston Business #0741,29.5295,-95.5459,United States,Business Interruption,5432000,Houston
LOC00742,Los Angeles High-Net-Worth #0742,33.9782,-118.1989,United States,High-Net-Worth Homeowners,9305000,Los Angeles
LOC00743,San Francisco Commercial #0743,37.6738,-122.2363,United States,Commercial Property,33788000,San Francisco
LOC00744,San Juan Commercial #0744,18.4953,-66.0607,Puerto Rico,Commercial Property,5226000,San Juan
LOC00745,Los Angeles High-Net-Worth #0745,34.1151,-118.139,United States,High-Net-Worth Homeowners,1415000,Los Angeles
LOC00746,Lagos Commercial #0746,6.5118,3.5067,Nigeria,Commercial Property,38998000,Lagos
LOC00747,Athens High-Net-Worth #0747,38.073,23.6922,Greece,High-Net-Worth Homeowners,1602000,Athens
LOC00748,Tokyo Commercial #0748,35.7709,139.6275,Japan,Commercial Property,70674000,Tokyo
LOC00749,Athens Commercial #0749,37.9357,23.5827,Greece,Commercial Property,24789000,Athens
LOC00750,New York High-Net-Worth #0750,40.7071,-74.0169,United States,High-Net-Worth Homeowners,4966000,New York
LOC00751,Boston Accident #0751,42.3841,-71.1867,United States,Accident & Health,3398000,Boston
LOC00752,Houston Business #0752,29.587,-95.4593,United States,Business Interruption,14877000,Houston
LOC00753,Mexico City Commercial #0753,19.2913,-99.1614,Mexico,Commercial Property,13571000,Mexico City
LOC00754,Manzanillo Marine #0754,19.1933,-104.2494,Mexico,Marine Cargo,24257000,Manzanillo
LOC00755,Rotterdam Commercial #0755,51.9178,4.484,Netherlands,Commercial Property,45705000,Rotterdam
LOC00756,New York Commercial #0756,40.7075,-74.2559,United States,Commercial Property,21335000,New York
LOC00757,Acapulco High-Net-Worth #0757,16.6503,-99.6458,Mexico,High-Net-Worth Homeowners,5007000,Acapulco
LOC00758,Shanghai Commercial #0758,31.2716,121.3576,China,Commercial Property,12200000,Shanghai
LOC00759,Johannesburg Business #0759,-26.2918,28.0329,South Africa,Business Interruption,15426000,Johannesburg
LOC00760,London Business #0760,51.5092,-0.1874,United Kingdom,Business Interruption,10199000,London
LOC00761,Nassau High-Net-Worth #0761,25.1059,-77.2773,Bahamas,High-Net-Worth Homeowners,3891000,Nassau
LOC00762,Sydney Commercial #0762,-33.9634,151.2613,Australia,Commercial Property,62257000,Sydney
LOC00763,New Orleans Business #0763,29.9389,-90.0317,United States,Business Interruption,5584000,New Orleans
LOC00764,Los Angeles Commercial #0764,33.8687,-117.9627,United States,Commercial Property,4733000,Los Angeles
LOC00765,Boston Commercial #0765,42.4482,-70.8815,United States,Commercial Property,18834000,Boston
LOC00766,San Francisco Business #0766,37.774,-122.3929,United States,Business Interruption,12757000,San Francisco
LOC00767,Shanghai Commercial #0767,31.6241,121.4613,China,Commercial Property,21548000,Shanghai
LOC00768,Istanbul High-Net-Worth #0768,40.9976,29.0794,Türkiye,High-Net-Worth Homeowners,4305000,Istanbul
LOC00769,Los Angeles High-Net-Worth #0769,34.1811,-118.2808,United States,High-Net-Worth Homeowners,3140000,Los Angeles
LOC00770,Chennai Business #0770,13.0725,80.2769,India,Business Interruption,45972000,Chennai
LOC00771,New York Commercial #0771,40.8921,-74.1401,United States,Commercial Property,23972000,New York
LOC00772,La Paz BCS Marine #0772,23.9821,-110.2514,Mexico,Marine Cargo,19902000,La Paz BCS
LOC00773,Surabaya Business #0773,-7.2266,112.7895,Indonesia,Business Interruption,12648000,Surabaya
LOC00774,Kona / Hilo High-Net-Worth #0774,19.7199,-156.0479,United States,High-Net-Worth Homeowners,788000,Kona / Hilo
LOC00775,Manzanillo Commercial #0775,18.8581,-104.1502,Mexico,Commercial Property,45943000,Manzanillo
LOC00776,Tokyo Commercial #0776,35.6375,139.6432,Japan,Commercial Property,26046000,Tokyo
LOC00777,Boston Commercial #0777,42.3779,-71.0654,United States,Commercial Property,2836000,Boston
LOC00778,Concepcion Business #0778,-36.8051,-73.0926,Chile,Business Interruption,23914000,Concepcion
LOC00779,Kingston Commercial #0779,17.9707,-76.7902,Jamaica,Commercial Property,203325000,Kingston
LOC00780,Mexico City Commercial #0780,19.4048,-99.3118,Mexico,Commercial Property,48278000,Mexico City
LOC00781,Kona / Hilo Accident #0781,19.5899,-156.0284,United States,Accident & Health,2576000,Kona / Hilo
LOC00782,Rotterdam Marine #0782,51.8571,4.4565,Netherlands,Marine Cargo,15390000,Rotterdam
LOC00783,New York Commercial #0783,40.6832,-73.7811,United States,Commercial Property,21310000,New York
LOC00784,Sydney Commercial #0784,-33.853,151.0822,Australia,Commercial Property,45351000,Sydney
LOC00785,Dubai Commercial #0785,25.2055,55.2225,United Arab Emirates,Commercial Property,32785000,Dubai
LOC00786,Lagos Marine #0786,6.7967,3.2587,Nigeria,Marine Cargo,5698000,Lagos
LOC00787,Tokyo Commercial #0787,35.593,139.6452,Japan,Commercial Property,167478000,Tokyo
LOC00788,Osaka Business #0788,34.6611,135.5474,Japan,Business Interruption,12688000,Osaka
LOC00789,Dubai High-Net-Worth #0789,25.1488,55.2687,United Arab Emirates,High-Net-Worth Homeowners,3341000,Dubai
LOC00790,Honolulu Commercial #0790,21.312,-157.8987,United States,Commercial Property,45666000,Honolulu
LOC00791,Boston Commercial #0791,42.3553,-71.0629,United States,Commercial Property,16229000,Boston
LOC00792,Goma Commercial #0792,-1.7762,29.1556,Democratic Republic of the Congo,Commercial Property,16877000,Goma
LOC00793,New Orleans Energy #0793,29.9877,-90.1334,United States,Energy,35553000,New Orleans
LOC00794,Tokyo High-Net-Worth #0794,35.5759,139.6529,Japan,High-Net-Worth Homeowners,6304000,Tokyo
LOC00795,Shanghai High-Net-Worth #0795,31.3153,121.5265,China,High-Net-Worth Homeowners,2462000,Shanghai
LOC00796,Nassau High-Net-Worth #0796,25.1074,-77.1904,Bahamas,High-Net-Worth Homeowners,3983000,Nassau
LOC00797,New York Accident #0797,40.6026,-73.8413,United States,Accident & Health,5421000,New York
LOC00798,Houston Energy #0798,29.7887,-95.3469,United States,Energy,418452000,Houston
LOC00799,Santiago Commercial #0799,-33.5771,-70.9212,Chile,Commercial Property,19440000,Santiago
LOC00800,Istanbul Commercial #0800,40.9175,28.9178,Türkiye,Commercial Property,64199000,Istanbul
LOC00801,Hong Kong Commercial #0801,22.2737,114.2338,China,Commercial Property,16417000,Hong Kong
LOC00802,Manila Commercial #0802,14.7892,120.9679,Philippines,Commercial Property,44971000,Manila
LOC00803,San Diego Marine #0803,32.8304,-117.2077,United States,Marine Cargo,3463000,San Diego
LOC00804,Boston Commercial #0804,42.4649,-71.158,United States,Commercial Property,52488000,Boston
LOC00805,Shanghai Marine #0805,31.133,121.4384,China,Marine Cargo,5949000,Shanghai
LOC00806,San Francisco Energy #0806,37.9153,-122.547,United States,Energy,320743000,San Francisco
LOC00807,Tokyo Commercial #0807,35.78,139.7897,Japan,Commercial Property,18082000,Tokyo
LOC00808,Shanghai Energy #0808,31.2646,121.5174,China,Energy,52837000,Shanghai
LOC00809,Osaka Commercial #0809,34.7674,135.547,Japan,Commercial Property,21656000,Osaka
LOC00810,Cancun Commercial #0810,21.3316,-86.8346,Mexico,Commercial Property,37837000,Cancun
LOC00811,Kolkata Business #0811,23.0075,88.1594,India,Business Interruption,22917000,Kolkata
LOC00812,Miami Commercial #0812,25.6973,-80.1586,United States,Commercial Property,12509000,Miami
LOC00813,Taipei Commercial #0813,24.8875,121.4156,Taiwan,Commercial Property,30517000,Taipei
LOC00814,New York Commercial #0814,40.6012,-74.2555,United States,Commercial Property,8891000,New York
LOC00815,Los Angeles Commercial #0815,33.9959,-118.4249,United States,Commercial Property,13169000,Los Angeles
LOC00816,Cabo San Lucas High-Net-Worth #0816,22.859,-109.9376,Mexico,High-Net-Worth Homeowners,5086000,Cabo San Lucas
LOC00817,Cabo San Lucas Business #0817,22.7439,-109.9887,Mexico,Business Interruption,20938000,Cabo San Lucas
LOC00818,Jakarta Marine #0818,-6.2899,106.9367,Indonesia,Marine Cargo,6872000,Jakarta
LOC00819,Houston Commercial #0819,29.7154,-95.246,United States,Commercial Property,24451000,Houston
LOC00820,Lagos Marine #0820,6.4782,3.3731,Nigeria,Marine Cargo,24159000,Lagos
LOC00821,Tampa Commercial #0821,28.0062,-82.4015,United States,Commercial Property,67431000,Tampa
LOC00822,New Orleans Business #0822,29.9685,-90.0888,United States,Business Interruption,19586000,New Orleans
LOC00823,Lima Commercial #0823,-12.0305,-77.0547,Peru,Commercial Property,2452000,Lima
LOC00824,Jakarta Commercial #0824,-6.3753,106.9208,Indonesia,Commercial Property,28050000,Jakarta
LOC00825,Johannesburg High-Net-Worth #0825,-26.2031,27.8909,South Africa,High-Net-Worth Homeowners,12859000,Johannesburg
LOC00826,Houston Commercial #0826,29.7218,-95.375,United States,Commercial Property,31080000,Houston
LOC00827,Nassau Marine #0827,25.0792,-77.3231,Bahamas,Marine Cargo,4670000,Nassau
LOC00828,San Juan High-Net-Worth #0828,18.4094,-66.1243,Puerto Rico,High-Net-Worth Homeowners,7286000,San Juan
LOC00829,San Francisco High-Net-Worth #0829,37.719,-122.3185,United States,High-Net-Worth Homeowners,2759000,San Francisco
LOC00830,Miami High-Net-Worth #0830,25.7951,-80.1555,United States,High-Net-Worth Homeowners,2778000,Miami
LOC00831,Mazatlan Business #0831,23.271,-106.3986,Mexico,Business Interruption,16146000,Mazatlan
LOC00832,Puerto Vallarta Business #0832,20.4998,-105.3935,Mexico,Business Interruption,13267000,Puerto Vallarta
LOC00833,Kona / Hilo Commercial #0833,19.9277,-156.084,United States,Commercial Property,28849000,Kona / Hilo
LOC00834,Los Angeles Business #0834,33.8818,-118.2455,United States,Business Interruption,19594000,Los Angeles
LOC00835,Concepcion Marine #0835,-36.854,-73.0061,Chile,Marine Cargo,22712000,Concepcion
LOC00836,San Juan Accident #0836,18.5597,-66.0643,Puerto Rico,Accident & Health,782000,San Juan
LOC00837,Hong Kong Business #0837,22.1663,114.1063,China,Business Interruption,66362000,Hong Kong
LOC00838,Osaka High-Net-Worth #0838,34.6264,135.607,Japan,High-Net-Worth Homeowners,3770000,Osaka
LOC00839,Los Angeles Commercial #0839,34.068,-118.2161,United States,Commercial Property,35410000,Los Angeles
LOC00840,Izmir Marine #0840,38.4848,27.0887,Türkiye,Marine Cargo,3983000,Izmir
LOC00841,Dubai Travel #0841,25.1866,55.0249,United Arab Emirates,Travel,934000,Dubai
LOC00842,New Orleans Business #0842,29.8904,-90.0678,United States,Business Interruption,40203000,New Orleans
LOC00843,San Diego Energy #0843,32.7179,-117.1542,United States,Energy,146838000,San Diego
LOC00844,Osaka Marine #0844,34.4817,135.5571,Japan,Marine Cargo,7112000,Osaka
LOC00845,Honolulu Commercial #0845,21.3614,-157.633,United States,Commercial Property,9712000,Honolulu
LOC00846,Puerto Vallarta High-Net-Worth #0846,20.5029,-104.9641,Mexico,High-Net-Worth Homeowners,6179000,Puerto Vallarta
LOC00847,Shenzhen Business #0847,22.5976,114.096,China,Business Interruption,9548000,Shenzhen
LOC00848,Surabaya Marine #0848,-7.3072,112.8352,Indonesia,Marine Cargo,7082000,Surabaya
LOC00849,Nairobi Commercial #0849,-1.5751,37.0185,Kenya,Commercial Property,30213000,Nairobi
LOC00850,Dubai Commercial #0850,25.215,55.2461,United Arab Emirates,Commercial Property,31556000,Dubai
LOC00851,Manila Business #0851,14.5527,120.9455,Philippines,Business Interruption,65543000,Manila
LOC00852,Tampa Commercial #0852,27.8713,-82.3031,United States,Commercial Property,9935000,Tampa
LOC00853,Kolkata Business #0853,22.5851,88.5013,India,Business Interruption,4796000,Kolkata
LOC00854,London Commercial #0854,51.4986,-0.1301,United Kingdom,Commercial Property,9410000,London
LOC00855,Kolkata Business #0855,22.4198,88.3288,India,Business Interruption,59073000,Kolkata
LOC00856,Kolkata Marine #0856,22.5691,88.3596,India,Marine Cargo,46393000,Kolkata
LOC00857,Shanghai Marine #0857,31.2813,121.5629,China,Marine Cargo,32761000,Shanghai
LOC00858,Kolkata Business #0858,22.5899,88.3713,India,Business Interruption,32630000,Kolkata
LOC00859,Miami High-Net-Worth #0859,25.8023,-80.1451,United States,High-Net-Worth Homeowners,1134000,Miami
LOC00860,Houston Energy #0860,29.7641,-95.4091,United States,Energy,246179000,Houston
LOC00861,San Diego Commercial #0861,32.7609,-116.9911,United States,Commercial Property,35165000,San Diego
LOC00862,Tokyo High-Net-Worth #0862,35.6498,139.5442,Japan,High-Net-Worth Homeowners,3117000,Tokyo
LOC00863,Miami Commercial #0863,25.7249,-80.7077,United States,Commercial Property,21196000,Miami
LOC00864,Kona / Hilo High-Net-Worth #0864,19.7265,-156.1653,United States,High-Net-Worth Homeowners,12514000,Kona / Hilo
LOC00865,London Commercial #0865,51.5154,-0.0391,United Kingdom,Commercial Property,12191000,London
LOC00866,Houston Commercial #0866,29.7727,-95.2598,United States,Commercial Property,21950000,Houston
LOC00867,Shanghai Business #0867,31.1665,121.3741,China,Business Interruption,46202000,Shanghai
LOC00868,New York High-Net-Worth #0868,40.6496,-74.1129,United States,High-Net-Worth Homeowners,6818000,New York
LOC00869,Istanbul High-Net-Worth #0869,41.1088,28.9725,Türkiye,High-Net-Worth Homeowners,7227000,Istanbul
LOC00870,Lagos High-Net-Worth #0870,6.4204,3.3345,Nigeria,High-Net-Worth Homeowners,5838000,Lagos
LOC00871,Manzanillo Energy #0871,18.903,-104.5363,Mexico,Energy,284429000,Manzanillo
LOC00872,Taipei High-Net-Worth #0872,24.745,121.7521,Taiwan,High-Net-Worth Homeowners,1923000,Taipei
LOC00873,Tokyo Business #0873,35.7221,139.6995,Japan,Business Interruption,30821000,Tokyo
LOC00874,New Orleans Business #0874,29.8829,-90.1881,United States,Business Interruption,13075000,New Orleans
LOC00875,Kampala Marine #0875,0.3693,32.7904,Uganda,Marine Cargo,5988000,Kampala
LOC00876,Cancun Business #0876,21.1632,-87.0558,Mexico,Business Interruption,142784000,Cancun
LOC00877,London Commercial #0877,51.6213,-0.2168,United Kingdom,Commercial Property,7377000,London
LOC00878,Nassau Travel #0878,25.2142,-77.3706,Bahamas,Travel,418000,Nassau
LOC00879,Boston Commercial #0879,42.3768,-70.915,United States,Commercial Property,22878000,Boston
LOC00880,Charleston Marine #0880,32.901,-79.8443,United States,Marine Cargo,8224000,Charleston
LOC00881,Osaka Marine #0881,34.8235,135.7135,Japan,Marine Cargo,6518000,Osaka
LOC00882,Mexico City Commercial #0882,19.5045,-99.2117,Mexico,Commercial Property,62417000,Mexico City
LOC00883,La Paz BCS Business #0883,24.138,-110.3274,Mexico,Business Interruption,14753000,La Paz BCS
LOC00884,San Diego Commercial #0884,32.7204,-117.1624,United States,Commercial Property,39963000,San Diego
LOC00885,Hamburg Marine #0885,53.3976,9.7803,Germany,Marine Cargo,20092000,Hamburg
LOC00886,Hong Kong Business #0886,22.3229,114.1879,China,Business Interruption,21813000,Hong Kong
LOC00887,Tampa Accident #0887,27.8884,-82.581,United States,Accident & Health,1438000,Tampa
LOC00888,Manzanillo High-Net-Worth #0888,19.1355,-104.5207,Mexico,High-Net-Worth Homeowners,3838000,Manzanillo
LOC00889,Miami Commercial #0889,25.8529,-80.1978,United States,Commercial Property,29636000,Miami
LOC00890,Tampa Energy #0890,27.7047,-82.313,United States,Energy,216287000,Tampa
LOC00891,New York Commercial #0891,40.8365,-73.982,United States,Commercial Property,16484000,New York
LOC00892,Charleston Marine #0892,32.7335,-79.9883,United States,Marine Cargo,74955000,Charleston
LOC00893,Dubai Business #0893,25.1373,55.3198,United Arab Emirates,Business Interruption,9546000,Dubai
LOC00894,Osaka Business #0894,34.7461,135.6702,Japan,Business Interruption,25467000,Osaka
LOC00895,Mumbai Business #0895,19.0759,72.7884,India,Business Interruption,32731000,Mumbai
LOC00896,Hong Kong Business #0896,22.5645,114.3087,China,Business Interruption,38774000,Hong Kong
LOC00897,San Francisco High-Net-Worth #0897,37.8655,-122.8029,United States,High-Net-Worth Homeowners,4451000,San Francisco
LOC00898,Puerto Vallarta Business #0898,20.3147,-105.3193,Mexico,Business Interruption,25330000,Puerto Vallarta
LOC00899,Mexico City Commercial #0899,19.5057,-99.0224,Mexico,Commercial Property,61556000,Mexico City
LOC00900,London Commercial #0900,51.5111,-0.3048,United Kingdom,Commercial Property,23364000,London
LOC00901,Johannesburg High-Net-Worth #0901,-26.2572,28.0937,South Africa,High-Net-Worth Homeowners,1982000,Johannesburg
LOC00902,Concepcion Commercial #0902,-36.8261,-73.0579,Chile,Commercial Property,44765000,Concepcion
LOC00903,Shenzhen Marine #0903,22.6061,114.1497,China,Marine Cargo,25984000,Shenzhen
LOC00904,Maui Commercial #0904,20.7768,-156.3563,United States,Commercial Property,79036000,Maui
LOC00905,Miami Travel #0905,25.5961,-80.1341,United States,Travel,708000,Miami
LOC00906,Hong Kong Commercial #0906,22.3128,114.2267,China,Commercial Property,19169000,Hong Kong
LOC00907,Miami High-Net-Worth #0907,25.9022,-80.0423,United States,High-Net-Worth Homeowners,4468000,Miami
LOC00908,Hong Kong Business #0908,22.3215,114.1928,China,Business Interruption,15951000,Hong Kong
LOC00909,Acapulco Accident #0909,16.7227,-99.7625,Mexico,Accident & Health,2921000,Acapulco
LOC00910,Shenzhen Business #0910,22.3425,114.0861,China,Business Interruption,31915000,Shenzhen
LOC00911,London Commercial #0911,51.5057,-0.1447,United Kingdom,Commercial Property,11307000,London
LOC00912,Taipei Commercial #0912,25.0478,121.3179,Taiwan,Commercial Property,14471000,Taipei
LOC00913,Izmir Commercial #0913,38.446,27.1377,Türkiye,Commercial Property,79695000,Izmir
LOC00914,Valparaiso Commercial #0914,-33.0503,-71.5994,Chile,Commercial Property,42714000,Valparaiso
LOC00915,Johannesburg Commercial #0915,-26.3058,28.0336,South Africa,Commercial Property,21793000,Johannesburg
LOC00916,New Orleans Commercial #0916,29.8961,-90.1175,United States,Commercial Property,16536000,New Orleans
LOC00917,Milan High-Net-Worth #0917,45.3883,8.7042,Italy,High-Net-Worth Homeowners,2939000,Milan
LOC00918,Tampa Commercial #0918,27.918,-82.5099,United States,Commercial Property,17287000,Tampa
LOC00919,Johannesburg Business #0919,-26.0891,27.9613,South Africa,Business Interruption,4456000,Johannesburg
LOC00920,Shanghai Commercial #0920,31.1723,121.2855,China,Commercial Property,50549000,Shanghai
LOC00921,Izmir Marine #0921,38.3555,27.0403,Türkiye,Marine Cargo,7606000,Izmir
LOC00922,Puerto Vallarta Commercial #0922,20.3862,-104.9545,Mexico,Commercial Property,15847000,Puerto Vallarta
LOC00923,Rotterdam Marine #0923,52.0389,4.64,Netherlands,Marine Cargo,17877000,Rotterdam
LOC00924,Kampala Commercial #0924,0.1829,32.6503,Uganda,Commercial Property,50510000,Kampala
LOC00925,Athens Commercial #0925,37.8911,23.7178,Greece,Commercial Property,21483000,Athens
LOC00926,Los Angeles Commercial #0926,33.9207,-118.4248,United States,Commercial Property,15336000,Los Angeles
LOC00927,Kaohsiung Commercial #0927,22.5875,120.2846,Taiwan,Commercial Property,22463000,Kaohsiung
LOC00928,Houston Commercial #0928,29.7751,-95.3631,United States,Commercial Property,4742000,Houston
LOC00929,San Diego Commercial #0929,32.5717,-117.1848,United States,Commercial Property,93394000,San Diego
LOC00930,Houston Energy #0930,29.7896,-95.2376,United States,Energy,79720000,Houston
LOC00931,Osaka Marine #0931,34.873,135.5008,Japan,Marine Cargo,27472000,Osaka
LOC00932,Kaohsiung Energy #0932,22.5824,120.4974,Taiwan,Energy,243995000,Kaohsiung
LOC00933,Sydney Business #0933,-33.991,151.178,Australia,Business Interruption,19334000,Sydney
LOC00934,Manila Business #0934,14.6599,121.0977,Philippines,Business Interruption,53240000,Manila
LOC00935,Santiago Business #0935,-33.1183,-70.71,Chile,Business Interruption,15696000,Santiago
LOC00936,Milan High-Net-Worth #0936,45.3525,9.0611,Italy,High-Net-Worth Homeowners,3297000,Milan
LOC00937,New York Business #0937,40.4343,-74.0936,United States,Business Interruption,48909000,New York
LOC00938,Charleston High-Net-Worth #0938,32.7655,-79.9023,United States,High-Net-Worth Homeowners,3680000,Charleston
LOC00939,Santiago Commercial #0939,-33.473,-70.6591,Chile,Commercial Property,35301000,Santiago
LOC00940,Los Angeles Business #0940,34.0655,-118.3744,United States,Business Interruption,38135000,Los Angeles
LOC00941,London Accident #0941,51.7175,-0.3996,United Kingdom,Accident & Health,6806000,London
LOC00942,Hong Kong Commercial #0942,22.2215,114.2721,China,Commercial Property,10890000,Hong Kong
LOC00943,Tokyo Commercial #0943,35.6936,139.6899,Japan,Commercial Property,5929000,Tokyo
LOC00944,Istanbul Commercial #0944,40.9825,29.0049,Türkiye,Commercial Property,9155000,Istanbul
LOC00945,London Commercial #0945,51.6147,-0.3656,United Kingdom,Commercial Property,96004000,London
LOC00946,Houston Energy #0946,29.6265,-95.1907,United States,Energy,294668000,Houston
LOC00947,San Francisco Business #0947,37.5863,-122.2728,United States,Business Interruption,16648000,San Francisco
LOC00948,Kingston Marine #0948,17.9564,-76.8068,Jamaica,Marine Cargo,8496000,Kingston
LOC00949,Mumbai Commercial #0949,19.0344,72.8066,India,Commercial Property,44545000,Mumbai
LOC00950,Cancun Commercial #0950,21.1896,-86.8564,Mexico,Commercial Property,16190000,Cancun
LOC00951,Rotterdam Commercial #0951,52.1164,4.7142,Netherlands,Commercial Property,38569000,Rotterdam
LOC00952,Manila Commercial #0952,14.6099,121.018,Philippines,Commercial Property,17611000,Manila
LOC00953,New York Commercial #0953,40.7221,-74.0086,United States,Commercial Property,18416000,New York
LOC00954,San Francisco High-Net-Worth #0954,37.6798,-122.2248,United States,High-Net-Worth Homeowners,11160000,San Francisco
LOC00955,Tokyo Accident #0955,35.6986,139.701,Japan,Accident & Health,1718000,Tokyo
LOC00956,Manila Commercial #0956,14.6885,120.9479,Philippines,Commercial Property,41317000,Manila
LOC00957,London Business #0957,51.3243,-0.0396,United Kingdom,Business Interruption,111801000,London
LOC00958,London Marine #0958,51.6737,-0.2007,United Kingdom,Marine Cargo,8285000,London
LOC00959,Hamburg Commercial #0959,53.5117,9.8394,Germany,Commercial Property,100673000,Hamburg
LOC00960,Cabo San Lucas Marine #0960,22.8997,-109.9039,Mexico,Marine Cargo,10421000,Cabo San Lucas
LOC00961,Cabo San Lucas Commercial #0961,22.8268,-109.8183,Mexico,Commercial Property,29163000,Cabo San Lucas
LOC00962,Hong Kong Commercial #0962,22.2684,114.1627,China,Commercial Property,36524000,Hong Kong
LOC00963,San Francisco Commercial #0963,37.6372,-122.585,United States,Commercial Property,21116000,San Francisco
LOC00964,Los Angeles Commercial #0964,33.8861,-118.1665,United States,Commercial Property,16864000,Los Angeles
LOC00965,Lagos Marine #0965,6.5092,3.3585,Nigeria,Marine Cargo,15249000,Lagos
LOC00966,Honolulu High-Net-Worth #0966,21.3639,-157.8336,United States,High-Net-Worth Homeowners,6855000,Honolulu
LOC00967,Lagos High-Net-Worth #0967,6.5201,3.3803,Nigeria,High-Net-Worth Homeowners,1152000,Lagos
LOC00968,Kinshasa High-Net-Worth #0968,-4.4984,15.278,Democratic Republic of the Congo,High-Net-Worth Homeowners,21217000,Kinshasa
LOC00969,Kolkata High-Net-Worth #0969,22.644,88.4236,India,High-Net-Worth Homeowners,10501000,Kolkata
LOC00970,Los Angeles Business #0970,34.217,-118.3533,United States,Business Interruption,15024000,Los Angeles
LOC00971,Rotterdam Marine #0971,51.8836,4.5578,Netherlands,Marine Cargo,4097000,Rotterdam
LOC00972,Tokyo High-Net-Worth #0972,35.6802,139.6897,Japan,High-Net-Worth Homeowners,7434000,Tokyo
LOC00973,Los Angeles Business #0973,34.0492,-118.1193,United States,Business Interruption,4586000,Los Angeles
LOC00974,Tampa Business #0974,27.9607,-82.4504,United States,Business Interruption,22485000,Tampa
LOC00975,Boston High-Net-Worth #0975,42.4256,-71.0391,United States,High-Net-Worth Homeowners,12152000,Boston
LOC00976,Cabo San Lucas Travel #0976,22.9069,-109.9285,Mexico,Travel,4283000,Cabo San Lucas
LOC00977,Naha Okinawa Marine #0977,26.4401,127.8022,Japan,Marine Cargo,21204000,Naha Okinawa
LOC00978,Valparaiso Commercial #0978,-32.9783,-71.5226,Chile,Commercial Property,52125000,Valparaiso
LOC00979,Los Angeles Commercial #0979,34.072,-118.2291,United States,Commercial Property,26907000,Los Angeles
LOC00980,Honolulu Accident #0980,21.0592,-157.719,United States,Accident & Health,1202000,Honolulu
LOC00981,Shanghai Business #0981,31.2617,121.4108,China,Business Interruption,26075000,Shanghai
LOC00982,Valencia Energy #0982,39.508,-0.2811,Spain,Energy,399735000,Valencia
LOC00983,Boston Commercial #0983,42.2642,-71.2951,United States,Commercial Property,27671000,Boston
LOC00984,Lagos Commercial #0984,6.5271,3.2736,Nigeria,Commercial Property,3200000,Lagos
LOC00985,New York Commercial #0985,40.666,-73.9792,United States,Commercial Property,38744000,New York
LOC00986,Tokyo Marine #0986,35.6577,139.6824,Japan,Marine Cargo,22695000,Tokyo
LOC00987,Tokyo High-Net-Worth #0987,35.6716,139.549,Japan,High-Net-Worth Homeowners,3416000,Tokyo
LOC00988,Charleston Commercial #0988,32.7516,-80.0664,United States,Commercial Property,19559000,Charleston
LOC00989,Tampa High-Net-Worth #0989,27.9823,-82.578,United States,High-Net-Worth Homeowners,3168000,Tampa
LOC00990,Manila Commercial #0990,14.5042,121.4001,Philippines,Commercial Property,31158000,Manila
LOC00991,Johannesburg Commercial #0991,-26.3583,28.1689,South Africa,Commercial Property,23648000,Johannesburg
LOC00992,Houston Energy #0992,29.8647,-95.4622,United States,Energy,234726000,Houston
LOC00993,New York Commercial #0993,40.9175,-74.0425,United States,Commercial Property,6275000,New York
LOC00994,Tampa Commercial #0994,27.8869,-82.5077,United States,Commercial Property,87833000,Tampa
LOC00995,Cancun Travel #0995,21.1823,-86.8043,Mexico,Travel,465000,Cancun
LOC00996,Istanbul Commercial #0996,40.9817,28.9787,Türkiye,Commercial Property,24475000,Istanbul
LOC00997,Cabo San Lucas High-Net-Worth #0997,22.8861,-109.8666,Mexico,High-Net-Worth Homeowners,8027000,Cabo San Lucas
LOC00998,Shanghai Marine #0998,31.221,121.5051,China,Marine Cargo,1416000,Shanghai
LOC00999,Miami High-Net-Worth #0999,25.8177,-80.2438,United States,High-Net-Worth Homeowners,2794000,Miami
LOC01000,Milan Commercial #1000,45.4801,9.1145,Italy,Commercial Property,97758000,Milan
LOC01001,Boston Commercial #1001,42.381,-71.0828,United States,Commercial Property,9542000,Boston
LOC01002,Puerto Vallarta Accident #1002,20.7239,-105.2314,Mexico,Accident & Health,6771000,Puerto Vallarta
LOC01003,Valencia Energy #1003,39.4749,-0.5105,Spain,Energy,623781000,Valencia
LOC01004,Kona / Hilo High-Net-Worth #1004,19.682,-156.0202,United States,High-Net-Worth Homeowners,10171000,Kona / Hilo
LOC01005,Tokyo High-Net-Worth #1005,35.6949,139.6821,Japan,High-Net-Worth Homeowners,2798000,Tokyo
LOC01006,San Juan High-Net-Worth #1006,18.344,-66.0308,Puerto Rico,High-Net-Worth Homeowners,1998000,San Juan
LOC01007,Cabo San Lucas High-Net-Worth #1007,22.9197,-109.9595,Mexico,High-Net-Worth Homeowners,1474000,Cabo San Lucas
LOC01008,Puerto Vallarta High-Net-Worth #1008,20.4206,-105.1997,Mexico,High-Net-Worth Homeowners,2542000,Puerto Vallarta
LOC01009,New Orleans Marine #1009,29.9079,-90.1993,United States,Marine Cargo,6372000,New Orleans
LOC01010,Cabo San Lucas Accident #1010,22.8213,-109.8995,Mexico,Accident & Health,4407000,Cabo San Lucas
LOC01011,Houston Commercial #1011,29.6273,-95.4557,United States,Commercial Property,10399000,Houston
LOC01012,Maui High-Net-Worth #1012,20.8785,-156.3369,United States,High-Net-Worth Homeowners,10031000,Maui
LOC01013,Hong Kong Commercial #1013,22.2808,114.0052,China,Commercial Property,43123000,Hong Kong
LOC01014,Taipei Marine #1014,25.095,121.6732,Taiwan,Marine Cargo,30921000,Taipei
LOC01015,Concepcion Marine #1015,-36.7568,-72.9966,Chile,Marine Cargo,8795000,Concepcion
LOC01016,Honolulu Commercial #1016,21.3024,-157.676,United States,Commercial Property,117043000,Honolulu
LOC01017,Jakarta Business #1017,-6.402,106.7751,Indonesia,Business Interruption,66343000,Jakarta
LOC01018,Shenzhen Marine #1018,22.3765,114.2061,China,Marine Cargo,11219000,Shenzhen
LOC01019,San Francisco Commercial #1019,37.614,-122.3941,United States,Commercial Property,42625000,San Francisco
LOC01020,Naha Okinawa Commercial #1020,26.1967,127.6905,Japan,Commercial Property,43919000,Naha Okinawa
LOC01021,Lima High-Net-Worth #1021,-12.0425,-77.2111,Peru,High-Net-Worth Homeowners,1892000,Lima
LOC01022,Dubai Business #1022,25.1431,55.2388,United Arab Emirates,Business Interruption,31552000,Dubai
LOC01023,Shenzhen Marine #1023,22.5414,114.0952,China,Marine Cargo,12199000,Shenzhen
LOC01024,Izmir Commercial #1024,38.3428,27.0701,Türkiye,Commercial Property,15892000,Izmir
LOC01025,Houston Energy #1025,29.7585,-95.3706,United States,Energy,137224000,Houston
LOC01026,Valencia Marine #1026,39.418,-0.5533,Spain,Marine Cargo,16842000,Valencia
LOC01027,Dubai Commercial #1027,25.223,55.2695,United Arab Emirates,Commercial Property,27775000,Dubai
LOC01028,Naples FL Business #1028,26.1392,-81.7892,United States,Business Interruption,12837000,Naples FL
LOC01029,Naha Okinawa Commercial #1029,26.4153,127.8673,Japan,Commercial Property,15802000,Naha Okinawa
LOC01030,London High-Net-Worth #1030,51.7539,0.0278,United Kingdom,High-Net-Worth Homeowners,7713000,London
LOC01031,Dubai Business #1031,25.2919,55.1021,United Arab Emirates,Business Interruption,11641000,Dubai
LOC01032,Izmir Marine #1032,38.3727,27.0714,Türkiye,Marine Cargo,13366000,Izmir
LOC01033,Istanbul High-Net-Worth #1033,41.0052,29.2022,Türkiye,High-Net-Worth Homeowners,3327000,Istanbul
LOC01034,Los Angeles Commercial #1034,34.0675,-118.2161,United States,Commercial Property,13119000,Los Angeles
LOC01035,Honolulu High-Net-Worth #1035,21.4055,-157.8851,United States,High-Net-Worth Homeowners,2754000,Honolulu
LOC01036,London Business #1036,51.4479,-0.3398,United Kingdom,Business Interruption,37054000,London
LOC01037,Manzanillo Energy #1037,18.8298,-104.4035,Mexico,Energy,447602000,Manzanillo
LOC01038,Chennai Marine #1038,13.0107,80.2322,India,Marine Cargo,36185000,Chennai
LOC01039,Boston Commercial #1039,42.3648,-71.2137,United States,Commercial Property,17134000,Boston
LOC01040,Hong Kong Commercial #1040,22.3673,114.2066,China,Commercial Property,33357000,Hong Kong
LOC01041,Mexico City Commercial #1041,19.3261,-98.9852,Mexico,Commercial Property,26652000,Mexico City
LOC01042,Osaka Marine #1042,34.4924,135.6317,Japan,Marine Cargo,9438000,Osaka
LOC01043,Tokyo Business #1043,35.6114,139.5552,Japan,Business Interruption,13774000,Tokyo
LOC01044,Santo Domingo Commercial #1044,18.371,-70.0867,Dominican Republic,Commercial Property,44254000,Santo Domingo
LOC01045,Jakarta High-Net-Worth #1045,-6.2126,106.8503,Indonesia,High-Net-Worth Homeowners,10937000,Jakarta
LOC01046,Puerto Vallarta Commercial #1046,20.6504,-105.2247,Mexico,Commercial Property,17521000,Puerto Vallarta
LOC01047,Honolulu Commercial #1047,20.9562,-157.6634,United States,Commercial Property,25293000,Honolulu
LOC01048,Kaohsiung Commercial #1048,22.4625,120.2042,Taiwan,Commercial Property,31083000,Kaohsiung
LOC01049,Kingston Commercial #1049,17.9372,-76.754,Jamaica,Commercial Property,4696000,Kingston
LOC01050,San Juan High-Net-Worth #1050,18.4842,-66.2087,Puerto Rico,High-Net-Worth Homeowners,1284000,San Juan
LOC01051,Lagos Marine #1051,6.5594,3.4596,Nigeria,Marine Cargo,58741000,Lagos
LOC01052,Cancun High-Net-Worth #1052,21.0806,-87.2037,Mexico,High-Net-Worth Homeowners,1473000,Cancun
LOC01053,Shanghai Marine #1053,31.2295,121.252,China,Marine Cargo,4855000,Shanghai
LOC01054,Houston Marine #1054,29.6589,-95.3527,United States,Marine Cargo,16690000,Houston
LOC01055,Boston High-Net-Worth #1055,42.1542,-71.1233,United States,High-Net-Worth Homeowners,9335000,Boston
LOC01056,Sydney Commercial #1056,-33.9334,151.1869,Australia,Commercial Property,30770000,Sydney
LOC01057,Athens High-Net-Worth #1057,37.9737,23.7277,Greece,High-Net-Worth Homeowners,6071000,Athens
LOC01058,Chennai High-Net-Worth #1058,13.2613,80.1757,India,High-Net-Worth Homeowners,3145000,Chennai
LOC01059,Manila Business #1059,14.584,120.9458,Philippines,Business Interruption,9577000,Manila
LOC01060,Mexico City High-Net-Worth #1060,19.3771,-99.0502,Mexico,High-Net-Worth Homeowners,4003000,Mexico City
LOC01061,Jakarta Commercial #1061,-6.1463,106.8768,Indonesia,Commercial Property,5221000,Jakarta
LOC01062,Osaka Energy #1062,34.6586,135.599,Japan,Energy,45025000,Osaka
LOC01063,Dubai Commercial #1063,25.2194,55.2781,United Arab Emirates,Commercial Property,86160000,Dubai
LOC01064,Mumbai Commercial #1064,19.0831,72.8563,India,Commercial Property,39801000,Mumbai
LOC01065,Lima High-Net-Worth #1065,-12.1555,-77.1769,Peru,High-Net-Worth Homeowners,4981000,Lima
LOC01066,Shanghai Business #1066,31.3028,121.4491,China,Business Interruption,40840000,Shanghai
LOC01067,Naples FL High-Net-Worth #1067,26.0734,-81.8441,United States,High-Net-Worth Homeowners,6331000,Naples FL
LOC01068,Mumbai High-Net-Worth #1068,19.0422,72.905,India,High-Net-Worth Homeowners,2119000,Mumbai
LOC01069,Santo Domingo Commercial #1069,18.5062,-69.872,Dominican Republic,Commercial Property,33058000,Santo Domingo
LOC01070,Kolkata Business #1070,22.7803,88.4734,India,Business Interruption,14499000,Kolkata
LOC01071,Miami High-Net-Worth #1071,25.7414,-80.1895,United States,High-Net-Worth Homeowners,4887000,Miami
LOC01072,Mumbai Business #1072,19.2149,73.1176,India,Business Interruption,43785000,Mumbai
LOC01073,New York Commercial #1073,40.9451,-73.9305,United States,Commercial Property,33536000,New York
LOC01074,Boston Commercial #1074,42.4044,-71.2053,United States,Commercial Property,60244000,Boston
LOC01075,San Francisco Business #1075,37.609,-122.7198,United States,Business Interruption,46703000,San Francisco
LOC01076,Charleston Business #1076,32.8062,-79.8183,United States,Business Interruption,28279000,Charleston
LOC01077,Sydney Marine #1077,-33.8465,151.1077,Australia,Marine Cargo,3940000,Sydney
LOC01078,Kinshasa Business #1078,-4.3136,15.3787,Democratic Republic of the Congo,Business Interruption,10226000,Kinshasa
LOC01079,Puerto Vallarta Accident #1079,20.7247,-105.5987,Mexico,Accident & Health,3453000,Puerto Vallarta
LOC01080,Shenzhen Business #1080,22.3613,114.1271,China,Business Interruption,43374000,Shenzhen
LOC01081,Los Angeles High-Net-Worth #1081,34.185,-118.2212,United States,High-Net-Worth Homeowners,2804000,Los Angeles
LOC01082,New York Energy #1082,40.5948,-73.8402,United States,Energy,399336000,New York
LOC01083,Shanghai Business #1083,31.2313,121.465,China,Business Interruption,14422000,Shanghai
LOC01084,Kona / Hilo High-Net-Worth #1084,19.5688,-156.0178,United States,High-Net-Worth Homeowners,2967000,Kona / Hilo
LOC01085,Acapulco High-Net-Worth #1085,16.8201,-100.0241,Mexico,High-Net-Worth Homeowners,851000,Acapulco
LOC01086,Valencia Business #1086,39.4158,-0.3576,Spain,Business Interruption,12024000,Valencia
LOC01087,Kona / Hilo Business #1087,19.6445,-156.0226,United States,Business Interruption,9265000,Kona / Hilo
LOC01088,London Commercial #1088,51.534,-0.0826,United Kingdom,Commercial Property,30926000,London
LOC01089,Naples FL Business #1089,26.052,-81.7155,United States,Business Interruption,8769000,Naples FL
LOC01090,Kolkata Marine #1090,22.6953,88.5285,India,Marine Cargo,6737000,Kolkata
LOC01091,Shanghai Business #1091,31.1968,121.3963,China,Business Interruption,13165000,Shanghai
LOC01092,San Francisco Business #1092,37.768,-122.3421,United States,Business Interruption,54153000,San Francisco
LOC01093,Athens Business #1093,37.9517,23.3333,Greece,Business Interruption,14583000,Athens
LOC01094,Lagos Energy #1094,6.6202,3.3419,Nigeria,Energy,95040000,Lagos
LOC01095,Kona / Hilo Commercial #1095,19.5454,-156.1375,United States,Commercial Property,6152000,Kona / Hilo
LOC01096,Los Angeles Commercial #1096,34.1757,-118.1913,United States,Commercial Property,79952000,Los Angeles
LOC01097,Kinshasa Commercial #1097,-4.5362,15.1989,Democratic Republic of the Congo,Commercial Property,11784000,Kinshasa
LOC01098,Cabo San Lucas High-Net-Worth #1098,22.9228,-109.9137,Mexico,High-Net-Worth Homeowners,9825000,Cabo San Lucas
LOC01099,Tampa Commercial #1099,28.2352,-82.5759,United States,Commercial Property,5474000,Tampa
LOC01100,Cancun High-Net-Worth #1100,21.1881,-87.0888,Mexico,High-Net-Worth Homeowners,1846000,Cancun
LOC01101,Manila Business #1101,14.5956,120.9822,Philippines,Business Interruption,12651000,Manila
LOC01102,Taipei High-Net-Worth #1102,25.0329,121.5247,Taiwan,High-Net-Worth Homeowners,2194000,Taipei
LOC01103,Rotterdam Commercial #1103,51.7092,4.4217,Netherlands,Commercial Property,17549000,Rotterdam
LOC01104,Osaka Energy #1104,34.7153,135.4367,Japan,Energy,169155000,Osaka
LOC01105,Miami Commercial #1105,25.8004,-80.1277,United States,Commercial Property,16993000,Miami
LOC01106,Charleston Marine #1106,32.6632,-79.8478,United States,Marine Cargo,23072000,Charleston
LOC01107,Tokyo Business #1107,35.5617,139.6563,Japan,Business Interruption,10719000,Tokyo
LOC01108,Charleston Marine #1108,32.7006,-79.7953,United States,Marine Cargo,26856000,Charleston
LOC01109,London Business #1109,51.5565,0.1103,United Kingdom,Business Interruption,31043000,London
LOC01110,Osaka Marine #1110,34.4838,135.3056,Japan,Marine Cargo,7240000,Osaka
LOC01111,San Francisco Commercial #1111,37.9011,-122.4487,United States,Commercial Property,20989000,San Francisco
LOC01112,Mumbai Commercial #1112,19.0431,72.7784,India,Commercial Property,9540000,Mumbai
LOC01113,Houston Business #1113,29.8324,-95.2903,United States,Business Interruption,52774000,Houston
LOC01114,Santo Domingo Business #1114,18.6949,-70.1007,Dominican Republic,Business Interruption,12078000,Santo Domingo
LOC01115,Acapulco High-Net-Worth #1115,16.8524,-99.8366,Mexico,High-Net-Worth Homeowners,1859000,Acapulco
LOC01116,Praia High-Net-Worth #1116,14.8795,-23.6688,Cape Verde,High-Net-Worth Homeowners,14237000,Praia
LOC01117,New York Business #1117,40.8853,-74.155,United States,Business Interruption,102716000,New York
LOC01118,Mumbai High-Net-Worth #1118,19.0724,73.0709,India,High-Net-Worth Homeowners,1018000,Mumbai
LOC01119,Mumbai Marine #1119,19.255,72.5612,India,Marine Cargo,4763000,Mumbai
LOC01120,Honolulu Commercial #1120,21.4481,-157.8291,United States,Commercial Property,51952000,Honolulu
LOC01121,Chennai Commercial #1121,13.2953,80.1829,India,Commercial Property,36381000,Chennai
LOC01122,Osaka Commercial #1122,34.6554,135.5092,Japan,Commercial Property,21673000,Osaka
LOC01123,Shanghai Commercial #1123,31.1232,121.3465,China,Commercial Property,15236000,Shanghai
LOC01124,Maui High-Net-Worth #1124,20.678,-156.2695,United States,High-Net-Worth Homeowners,8113000,Maui
LOC01125,New York High-Net-Worth #1125,40.7323,-74.0521,United States,High-Net-Worth Homeowners,2432000,New York
LOC01126,San Francisco Accident #1126,37.6852,-122.5202,United States,Accident & Health,1242000,San Francisco
LOC01127,Houston Business #1127,29.7709,-95.3479,United States,Business Interruption,23980000,Houston
LOC01128,New York Commercial #1128,40.724,-73.9631,United States,Commercial Property,6030000,New York
LOC01129,Kinshasa Travel #1129,-4.6101,15.2224,Democratic Republic of the Congo,Travel,403000,Kinshasa
LOC01130,Kolkata Commercial #1130,22.6017,88.3481,India,Commercial Property,32708000,Kolkata
LOC01131,Miami Commercial #1131,25.777,-80.108,United States,Commercial Property,21370000,Miami
LOC01132,Puerto Vallarta High-Net-Worth #1132,20.6951,-105.2817,Mexico,High-Net-Worth Homeowners,6990000,Puerto Vallarta
LOC01133,Concepcion Marine #1133,-36.6492,-72.821,Chile,Marine Cargo,12700000,Concepcion
LOC01134,London Energy #1134,51.4704,-0.2564,United Kingdom,Energy,90778000,London
LOC01135,Chennai Commercial #1135,13.0555,80.4987,India,Commercial Property,50349000,Chennai
LOC01136,Surabaya High-Net-Worth #1136,-7.2547,112.8344,Indonesia,High-Net-Worth Homeowners,5273000,Surabaya
LOC01137,Miami High-Net-Worth #1137,25.8189,-80.2431,United States,High-Net-Worth Homeowners,6175000,Miami
LOC01138,Taipei High-Net-Worth #1138,25.0754,121.6138,Taiwan,High-Net-Worth Homeowners,2926000,Taipei
LOC01139,New York High-Net-Worth #1139,40.7379,-74.0517,United States,High-Net-Worth Homeowners,6015000,New York
LOC01140,Dubai High-Net-Worth #1140,25.1317,55.3052,United Arab Emirates,High-Net-Worth Homeowners,853000,Dubai
LOC01141,Shanghai Marine #1141,31.1237,121.3862,China,Marine Cargo,8056000,Shanghai
LOC01142,Mumbai High-Net-Worth #1142,19.2967,72.8165,India,High-Net-Worth Homeowners,2358000,Mumbai
LOC01143,Manila Accident #1143,14.6491,120.9814,Philippines,Accident & Health,496000,Manila
LOC01144,Naples FL Business #1144,26.0683,-81.9399,United States,Business Interruption,24064000,Naples FL
LOC01145,Lagos Commercial #1145,6.5527,3.3324,Nigeria,Commercial Property,37675000,Lagos
LOC01146,Cancun Travel #1146,21.1328,-86.737,Mexico,Travel,198000,Cancun
LOC01147,Naples FL Commercial #1147,26.1488,-81.8281,United States,Commercial Property,17915000,Naples FL
LOC01148,Puerto Vallarta High-Net-Worth #1148,20.6452,-105.2947,Mexico,High-Net-Worth Homeowners,4857000,Puerto Vallarta
LOC01149,La Paz BCS Commercial #1149,24.1764,-110.4581,Mexico,Commercial Property,24442000,La Paz BCS
LOC01150,Tampa Business #1150,27.9441,-82.3856,United States,Business Interruption,11273000,Tampa
LOC01151,Tampa Commercial #1151,28.0473,-82.4116,United States,Commercial Property,75273000,Tampa
LOC01152,Los Angeles Commercial #1152,34.0306,-118.1468,United States,Commercial Property,31428000,Los Angeles
LOC01153,Santiago Commercial #1153,-33.4465,-70.6727,Chile,Commercial Property,64708000,Santiago
LOC01154,Houston Energy #1154,29.7874,-95.5783,United States,Energy,59552000,Houston
LOC01155,Cabo San Lucas Travel #1155,22.7316,-110.0204,Mexico,Travel,2274000,Cabo San Lucas
LOC01156,Acapulco Business #1156,16.7825,-99.9338,Mexico,Business Interruption,7007000,Acapulco
LOC01157,Shanghai Marine #1157,31.1352,121.2619,China,Marine Cargo,8027000,Shanghai
LOC01158,London Business #1158,51.4986,-0.1012,United Kingdom,Business Interruption,12754000,London
LOC01159,Shenzhen High-Net-Worth #1159,22.5442,114.0789,China,High-Net-Worth Homeowners,3330000,Shenzhen
LOC01160,Los Angeles High-Net-Worth #1160,34.0032,-118.2878,United States,High-Net-Worth Homeowners,3618000,Los Angeles
LOC01161,Rotterdam Commercial #1161,51.8575,4.2686,Netherlands,Commercial Property,41496000,Rotterdam
LOC01162,Mumbai Business #1162,19.1507,72.6098,India,Business Interruption,30533000,Mumbai
LOC01163,Mexico City Business #1163,19.4581,-99.2726,Mexico,Business Interruption,52729000,Mexico City
LOC01164,Maui Commercial #1164,20.6081,-156.474,United States,Commercial Property,7320000,Maui
LOC01165,San Juan High-Net-Worth #1165,18.4969,-66.2439,Puerto Rico,High-Net-Worth Homeowners,1267000,San Juan
LOC01166,Kaohsiung Marine #1166,22.5934,120.2601,Taiwan,Marine Cargo,3357000,Kaohsiung
LOC01167,Johannesburg High-Net-Worth #1167,-26.0995,28.0815,South Africa,High-Net-Worth Homeowners,11268000,Johannesburg
LOC01168,Naples FL Business #1168,26.117,-81.7675,United States,Business Interruption,15989000,Naples FL
LOC01169,Hamburg Commercial #1169,53.5271,10.0175,Germany,Commercial Property,6782000,Hamburg
LOC01170,Cabo San Lucas Commercial #1170,22.9462,-109.9475,Mexico,Commercial Property,29359000,Cabo San Lucas
LOC01171,Concepcion Energy #1171,-36.7987,-73.274,Chile,Energy,260508000,Concepcion
LOC01172,Shenzhen Marine #1172,22.742,114.0333,China,Marine Cargo,7284000,Shenzhen
LOC01173,Houston Commercial #1173,29.8396,-95.5722,United States,Commercial Property,27318000,Houston
LOC01174,Tampa Commercial #1174,28.012,-82.3313,United States,Commercial Property,34327000,Tampa
LOC01175,Tokyo Commercial #1175,35.6487,139.6304,Japan,Commercial Property,14475000,Tokyo
LOC01176,Visakhapatnam Commercial #1176,17.6006,83.1993,India,Commercial Property,24866000,Visakhapatnam
LOC01177,Manila High-Net-Worth #1177,14.6623,120.9036,Philippines,High-Net-Worth Homeowners,2229000,Manila
LOC01178,Dubai Commercial #1178,25.1813,55.2933,United Arab Emirates,Commercial Property,14262000,Dubai
LOC01179,Naha Okinawa Marine #1179,26.2526,127.7593,Japan,Marine Cargo,6699000,Naha Okinawa
LOC01180,Charleston Commercial #1180,32.7804,-79.8783,United States,Commercial Property,78300000,Charleston
LOC01181,Boston Commercial #1181,42.4145,-71.225,United States,Commercial Property,35036000,Boston
LOC01182,Manzanillo Business #1182,18.9061,-104.3778,Mexico,Business Interruption,69273000,Manzanillo
LOC01183,Kolkata Marine #1183,22.407,88.1633,India,Marine Cargo,5386000,Kolkata
LOC01184,Los Angeles Commercial #1184,34.0639,-118.2651,United States,Commercial Property,10342000,Los Angeles
LOC01185,Mumbai Business #1185,18.9535,72.9623,India,Business Interruption,54810000,Mumbai
LOC01186,Rotterdam Commercial #1186,51.8923,4.6123,Netherlands,Commercial Property,33220000,Rotterdam
LOC01187,Kona / Hilo High-Net-Worth #1187,19.6398,-155.9928,United States,High-Net-Worth Homeowners,2579000,Kona / Hilo
LOC01188,Surabaya Marine #1188,-7.112,112.8349,Indonesia,Marine Cargo,11918000,Surabaya
LOC01189,Puerto Vallarta High-Net-Worth #1189,20.8803,-105.3343,Mexico,High-Net-Worth Homeowners,25888000,Puerto Vallarta
LOC01190,New York Commercial #1190,40.7324,-74.0044,United States,Commercial Property,14706000,New York
LOC01191,Tampa Commercial #1191,28.0252,-82.3993,United States,Commercial Property,15451000,Tampa
LOC01192,Hong Kong Commercial #1192,22.3125,114.1724,China,Commercial Property,18123000,Hong Kong
LOC01193,Athens High-Net-Worth #1193,37.9441,23.7434,Greece,High-Net-Worth Homeowners,3652000,Athens
LOC01194,London Business #1194,51.4981,-0.1273,United Kingdom,Business Interruption,9580000,London
LOC01195,Manzanillo Marine #1195,19.0395,-104.2836,Mexico,Marine Cargo,4542000,Manzanillo
LOC01196,San Juan Travel #1196,18.1773,-66.0901,Puerto Rico,Travel,543000,San Juan
LOC01197,Jakarta Commercial #1197,-6.1541,106.7751,Indonesia,Commercial Property,22074000,Jakarta
LOC01198,New York Energy #1198,40.7404,-73.541,United States,Energy,591116000,New York
LOC01199,Puerto Vallarta High-Net-Worth #1199,20.7466,-105.0721,Mexico,High-Net-Worth Homeowners,5616000,Puerto Vallarta
LOC01200,San Juan Marine #1200,18.4662,-66.1217,Puerto Rico,Marine Cargo,8579000,San Juan
LOC01201,Honolulu Business #1201,21.3546,-157.7452,United States,Business Interruption,16736000,Honolulu
LOC01202,London Commercial #1202,51.6333,-0.1742,United Kingdom,Commercial Property,10913000,London
LOC01203,Shanghai Marine #1203,31.099,121.2291,China,Marine Cargo,9789000,Shanghai
LOC01204,London Commercial #1204,51.2026,-0.1215,United Kingdom,Commercial Property,14410000,London
LOC01205,Osaka Energy #1205,34.6651,135.4499,Japan,Energy,293277000,Osaka
LOC01206,Johannesburg Commercial #1206,-26.2738,28.1263,South Africa,Commercial Property,12962000,Johannesburg
LOC01207,Tokyo Marine #1207,35.8273,139.6849,Japan,Marine Cargo,4700000,Tokyo
LOC01208,Hong Kong High-Net-Worth #1208,22.3903,114.2656,China,High-Net-Worth Homeowners,5851000,Hong Kong
LOC01209,Goma Commercial #1209,-1.509,28.9018,Democratic Republic of the Congo,Commercial Property,25302000,Goma
LOC01210,Charleston Commercial #1210,32.8534,-80.1211,United States,Commercial Property,14138000,Charleston
LOC01211,New York High-Net-Worth #1211,40.6988,-74.034,United States,High-Net-Worth Homeowners,3757000,New York
LOC01212,Houston Energy #1212,29.7892,-95.3601,United States,Energy,155875000,Houston
LOC01213,Surabaya Commercial #1213,-7.1293,112.734,Indonesia,Commercial Property,8545000,Surabaya
LOC01214,Hamburg Commercial #1214,53.5068,10.2821,Germany,Commercial Property,19041000,Hamburg
LOC01215,Boston Commercial #1215,42.3575,-71.1365,United States,Commercial Property,35489000,Boston
LOC01216,Chennai Commercial #1216,13.0442,80.2766,India,Commercial Property,7779000,Chennai
LOC01217,San Juan High-Net-Worth #1217,18.3777,-66.0724,Puerto Rico,High-Net-Worth Homeowners,884000,San Juan
LOC01218,Valparaiso Energy #1218,-33.2606,-71.4435,Chile,Energy,560682000,Valparaiso
LOC01219,Mazatlan Marine #1219,23.331,-106.2937,Mexico,Marine Cargo,7488000,Mazatlan
LOC01220,San Diego High-Net-Worth #1220,32.6555,-117.1729,United States,High-Net-Worth Homeowners,2086000,San Diego
LOC01221,London Commercial #1221,51.6175,-0.0384,United Kingdom,Commercial Property,43524000,London
LOC01222,Athens Commercial #1222,37.9326,23.4909,Greece,Commercial Property,35470000,Athens
LOC01223,Santiago Commercial #1223,-33.3067,-70.6504,Chile,Commercial Property,51875000,Santiago
LOC01224,Sydney Commercial #1224,-33.9107,151.1664,Australia,Commercial Property,13552000,Sydney
LOC01225,New York High-Net-Worth #1225,40.7215,-73.6933,United States,High-Net-Worth Homeowners,2797000,New York
LOC01226,Milan Commercial #1226,45.6727,9.507,Italy,Commercial Property,11447000,Milan
LOC01227,Tampa Commercial #1227,28.0275,-82.4349,United States,Commercial Property,30722000,Tampa
LOC01228,Honolulu High-Net-Worth #1228,21.0567,-157.8387,United States,High-Net-Worth Homeowners,1584000,Honolulu
LOC01229,Shanghai Marine #1229,31.3042,121.4997,China,Marine Cargo,5154000,Shanghai
LOC01230,Tokyo High-Net-Worth #1230,35.4786,140.2661,Japan,High-Net-Worth Homeowners,6398000,Tokyo
LOC01231,Tampa Travel #1231,27.8584,-82.3972,United States,Travel,576000,Tampa
LOC01232,Rotterdam Energy #1232,51.7352,4.2484,Netherlands,Energy,93848000,Rotterdam
LOC01233,Los Angeles Business #1233,34.0691,-118.4602,United States,Business Interruption,29882000,Los Angeles
LOC01234,San Diego Marine #1234,32.7234,-117.1627,United States,Marine Cargo,18658000,San Diego
LOC01235,New York Business #1235,40.4155,-73.9209,United States,Business Interruption,40812000,New York
LOC01236,Jakarta Commercial #1236,-6.2088,106.8479,Indonesia,Commercial Property,17784000,Jakarta
LOC01237,London Commercial #1237,51.1425,-0.4056,United Kingdom,Commercial Property,26451000,London
LOC01238,Lima Commercial #1238,-12.1152,-77.27,Peru,Commercial Property,26762000,Lima
LOC01239,Kolkata Marine #1239,22.5382,88.4232,India,Marine Cargo,27196000,Kolkata
LOC01240,Manzanillo Business #1240,19.0837,-104.3645,Mexico,Business Interruption,21044000,Manzanillo
LOC01241,Visakhapatnam Marine #1241,17.6854,83.238,India,Marine Cargo,11780000,Visakhapatnam
LOC01242,Johannesburg Energy #1242,-26.2535,28.0439,South Africa,Energy,425344000,Johannesburg
LOC01243,Cabo San Lucas Commercial #1243,22.95,-109.6787,Mexico,Commercial Property,15610000,Cabo San Lucas
LOC01244,Cabo San Lucas High-Net-Worth #1244,22.9028,-109.9031,Mexico,High-Net-Worth Homeowners,1789000,Cabo San Lucas
LOC01245,Dubai Commercial #1245,25.3222,55.2593,United Arab Emirates,Commercial Property,27313000,Dubai
LOC01246,San Francisco Marine #1246,37.8799,-122.2606,United States,Marine Cargo,12477000,San Francisco
LOC01247,Milan Business #1247,45.4548,9.0673,Italy,Business Interruption,4307000,Milan
LOC01248,Houston Energy #1248,29.5626,-95.4882,United States,Energy,54051000,Houston
LOC01249,New Orleans Marine #1249,29.9117,-89.9275,United States,Marine Cargo,17103000,New Orleans
LOC01250,Shanghai Business #1250,31.0068,121.7975,China,Business Interruption,12780000,Shanghai
LOC01251,Hong Kong Business #1251,22.4376,113.8548,China,Business Interruption,52921000,Hong Kong
LOC01252,Cancun Accident #1252,21.0225,-86.7511,Mexico,Accident & Health,2035000,Cancun
LOC01253,Hamburg Commercial #1253,53.507,10.0024,Germany,Commercial Property,70201000,Hamburg
LOC01254,San Juan Marine #1254,18.509,-66.1208,Puerto Rico,Marine Cargo,10597000,San Juan
LOC01255,Manzanillo Commercial #1255,19.1764,-104.3149,Mexico,Commercial Property,16411000,Manzanillo
LOC01256,Shenzhen Marine #1256,22.5208,114.0571,China,Marine Cargo,47047000,Shenzhen
LOC01257,Santo Domingo Commercial #1257,18.492,-69.8574,Dominican Republic,Commercial Property,26678000,Santo Domingo
LOC01258,New Orleans Commercial #1258,29.7173,-89.8289,United States,Commercial Property,29302000,New Orleans
LOC01259,San Francisco Business #1259,37.784,-122.5091,United States,Business Interruption,34658000,San Francisco
LOC01260,Taipei Commercial #1260,25.0231,121.5718,Taiwan,Commercial Property,11187000,Taipei
LOC01261,Los Angeles Commercial #1261,34.177,-118.0989,United States,Commercial Property,5918000,Los Angeles
LOC01262,Nassau Commercial #1262,24.9951,-77.3908,Bahamas,Commercial Property,82730000,Nassau
LOC01263,San Diego Commercial #1263,32.7096,-117.1287,United States,Commercial Property,37871000,San Diego
LOC01264,Manzanillo Marine #1264,18.9407,-104.4488,Mexico,Marine Cargo,8940000,Manzanillo
LOC01265,Cancun Marine #1265,21.1406,-86.8621,Mexico,Marine Cargo,11126000,Cancun
LOC01266,Boston Business #1266,42.3575,-71.1313,United States,Business Interruption,4031000,Boston
LOC01267,Charleston Commercial #1267,32.7164,-79.8378,United States,Commercial Property,37846000,Charleston
LOC01268,Lagos Marine #1268,6.4879,3.3055,Nigeria,Marine Cargo,29851000,Lagos
LOC01269,Osaka Commercial #1269,34.6357,135.5812,Japan,Commercial Property,28965000,Osaka
LOC01270,Shenzhen Commercial #1270,22.3104,114.1895,China,Commercial Property,20860000,Shenzhen
LOC01271,Praia Commercial #1271,15.0831,-23.33,Cape Verde,Commercial Property,10793000,Praia
LOC01272,Rotterdam Commercial #1272,51.8765,4.4655,Netherlands,Commercial Property,14654000,Rotterdam
LOC01273,Visakhapatnam Commercial #1273,17.6406,83.0857,India,Commercial Property,8932000,Visakhapatnam
LOC01274,Shanghai Business #1274,31.2301,121.4699,China,Business Interruption,11221000,Shanghai
LOC01275,Los Angeles Business #1275,34.0777,-118.2033,United States,Business Interruption,7713000,Los Angeles
LOC01276,Kaohsiung Marine #1276,22.6643,120.1223,Taiwan,Marine Cargo,4483000,Kaohsiung
LOC01277,Valencia Commercial #1277,39.5255,-0.3862,Spain,Commercial Property,44852000,Valencia
LOC01278,San Juan Business #1278,18.3086,-66.2076,Puerto Rico,Business Interruption,44650000,San Juan
LOC01279,Hamburg Marine #1279,53.5383,9.9846,Germany,Marine Cargo,21953000,Hamburg
LOC01280,Kinshasa Energy #1280,-4.3433,15.2967,Democratic Republic of the Congo,Energy,85827000,Kinshasa
LOC01281,Shenzhen Business #1281,22.5236,114.0699,China,Business Interruption,9856000,Shenzhen
LOC01282,San Juan Commercial #1282,18.3404,-66.2429,Puerto Rico,Commercial Property,29580000,San Juan
LOC01283,London Commercial #1283,51.5261,-0.0255,United Kingdom,Commercial Property,21609000,London
LOC01284,Miami High-Net-Worth #1284,25.6957,-80.2471,United States,High-Net-Worth Homeowners,9013000,Miami
LOC01285,Cancun Commercial #1285,20.9752,-86.7321,Mexico,Commercial Property,96965000,Cancun
LOC01286,Shenzhen Marine #1286,22.7247,114.3283,China,Marine Cargo,8802000,Shenzhen
LOC01287,Cabo San Lucas Business #1287,23.0687,-109.7818,Mexico,Business Interruption,32509000,Cabo San Lucas
LOC01288,Acapulco High-Net-Worth #1288,16.8253,-99.8941,Mexico,High-Net-Worth Homeowners,5703000,Acapulco
LOC01289,La Paz BCS Commercial #1289,24.2455,-110.3488,Mexico,Commercial Property,51298000,La Paz BCS
LOC01290,Hong Kong Business #1290,22.2074,114.2187,China,Business Interruption,3157000,Hong Kong
LOC01291,Milan Business #1291,45.5129,9.3503,Italy,Business Interruption,22629000,Milan
LOC01292,Praia Commercial #1292,15.1135,-23.4938,Cape Verde,Commercial Property,66074000,Praia
LOC01293,Los Angeles Commercial #1293,34.1009,-118.0686,United States,Commercial Property,16838000,Los Angeles
LOC01294,Surabaya Energy #1294,-7.3014,112.6832,Indonesia,Energy,50513000,Surabaya
LOC01295,Bogota Energy #1295,4.5523,-74.1226,Colombia,Energy,686328000,Bogota
LOC01296,Honolulu High-Net-Worth #1296,21.3177,-157.8,United States,High-Net-Worth Homeowners,984000,Honolulu
LOC01297,New Orleans Marine #1297,29.7717,-89.9667,United States,Marine Cargo,3647000,New Orleans
LOC01298,Mumbai Business #1298,19.1179,72.8302,India,Business Interruption,32829000,Mumbai
LOC01299,Cabo San Lucas High-Net-Worth #1299,22.9932,-109.9221,Mexico,High-Net-Worth Homeowners,4543000,Cabo San Lucas
LOC01300,Surabaya Marine #1300,-7.1483,112.7276,Indonesia,Marine Cargo,11440000,Surabaya
LOC01301,Miami High-Net-Worth #1301,25.7645,-80.042,United States,High-Net-Worth Homeowners,9879000,Miami
LOC01302,Jakarta Commercial #1302,-6.2577,106.9171,Indonesia,Commercial Property,25476000,Jakarta
LOC01303,San Francisco Commercial #1303,37.8455,-122.3484,United States,Commercial Property,28642000,San Francisco
LOC01304,Tampa Business #1304,28.0649,-82.3336,United States,Business Interruption,12620000,Tampa
LOC01305,San Juan High-Net-Worth #1305,18.4652,-66.1514,Puerto Rico,High-Net-Worth Homeowners,4714000,San Juan
LOC01306,Miami High-Net-Worth #1306,25.6089,-80.0832,United States,High-Net-Worth Homeowners,398000,Miami
LOC01307,Cabo San Lucas High-Net-Worth #1307,22.7955,-109.9887,Mexico,High-Net-Worth Homeowners,11246000,Cabo San Lucas
LOC01308,Miami Commercial #1308,25.4194,-80.1641,United States,Commercial Property,37480000,Miami
LOC01309,New York Marine #1309,40.5555,-73.7457,United States,Marine Cargo,35348000,New York
LOC01310,Honolulu High-Net-Worth #1310,21.3031,-157.8669,United States,High-Net-Worth Homeowners,3035000,Honolulu
LOC01311,Kolkata Business #1311,22.2343,88.3141,India,Business Interruption,63168000,Kolkata
LOC01312,San Francisco Commercial #1312,37.7031,-122.4096,United States,Commercial Property,6201000,San Francisco
LOC01313,Kampala Business #1313,0.396,32.5174,Uganda,Business Interruption,19336000,Kampala
LOC01314,San Juan Business #1314,18.7237,-65.9769,Puerto Rico,Business Interruption,236488000,San Juan
LOC01315,Charleston Commercial #1315,32.6862,-79.9437,United States,Commercial Property,22302000,Charleston
LOC01316,Hong Kong Business #1316,22.2482,114.0579,China,Business Interruption,23246000,Hong Kong
LOC01317,Valparaiso Marine #1317,-32.8283,-71.5632,Chile,Marine Cargo,3547000,Valparaiso
LOC01318,San Diego Commercial #1318,32.7837,-117.1759,United States,Commercial Property,16060000,San Diego
LOC01319,Maui Commercial #1319,20.795,-156.3286,United States,Commercial Property,22720000,Maui
LOC01320,Kona / Hilo High-Net-Worth #1320,19.7302,-155.8911,United States,High-Net-Worth Homeowners,4456000,Kona / Hilo
LOC01321,Shanghai Commercial #1321,31.3641,121.4414,China,Commercial Property,30107000,Shanghai
LOC01322,Miami Accident #1322,25.3355,-80.0789,United States,Accident & Health,3446000,Miami
LOC01323,Tokyo High-Net-Worth #1323,35.5431,140.0476,Japan,High-Net-Worth Homeowners,4268000,Tokyo
LOC01324,Shenzhen Commercial #1324,22.5537,114.0117,China,Commercial Property,44871000,Shenzhen
LOC01325,Mumbai High-Net-Worth #1325,19.0749,72.8967,India,High-Net-Worth Homeowners,9056000,Mumbai
LOC01326,Miami Business #1326,25.8006,-79.9896,United States,Business Interruption,9293000,Miami
LOC01327,Shanghai Commercial #1327,31.1716,121.642,China,Commercial Property,95603000,Shanghai
LOC01328,Taipei Commercial #1328,24.8092,121.4189,Taiwan,Commercial Property,30059000,Taipei
LOC01329,Kolkata Marine #1329,22.5608,88.349,India,Marine Cargo,6787000,Kolkata
LOC01330,Honolulu High-Net-Worth #1330,21.3051,-157.8235,United States,High-Net-Worth Homeowners,5280000,Honolulu
LOC01331,Tokyo Marine #1331,35.625,139.6389,Japan,Marine Cargo,5831000,Tokyo
LOC01332,Maui Business #1332,20.8153,-156.3758,United States,Business Interruption,15004000,Maui
LOC01333,Mazatlan Marine #1333,23.1665,-106.4678,Mexico,Marine Cargo,9465000,Mazatlan
LOC01334,Visakhapatnam Marine #1334,17.7102,83.3789,India,Marine Cargo,10111000,Visakhapatnam
LOC01335,Mumbai Marine #1335,19.196,72.6885,India,Marine Cargo,25133000,Mumbai
LOC01336,Rotterdam Commercial #1336,51.9837,4.1946,Netherlands,Commercial Property,71385000,Rotterdam
LOC01337,Praia Business #1337,14.9125,-23.5178,Cape Verde,Business Interruption,68031000,Praia
LOC01338,Naha Okinawa Commercial #1338,26.1996,127.5445,Japan,Commercial Property,18372000,Naha Okinawa
LOC01339,Miami High-Net-Worth #1339,25.7951,-80.199,United States,High-Net-Worth Homeowners,1815000,Miami
LOC01340,Taipei Commercial #1340,25.096,121.4831,Taiwan,Commercial Property,4575000,Taipei
LOC01341,San Diego Marine #1341,32.7281,-117.1824,United States,Marine Cargo,9361000,San Diego
LOC01342,Boston Commercial #1342,42.6024,-71.0096,United States,Commercial Property,44531000,Boston
LOC01343,Taipei High-Net-Worth #1343,25.0474,121.6077,Taiwan,High-Net-Worth Homeowners,45895000,Taipei
LOC01344,Cabo San Lucas Commercial #1344,22.8847,-109.9042,Mexico,Commercial Property,45305000,Cabo San Lucas
LOC01345,Bogota Commercial #1345,4.6571,-73.9913,Colombia,Commercial Property,37952000,Bogota
LOC01346,Miami High-Net-Worth #1346,25.7749,-80.2599,United States,High-Net-Worth Homeowners,708000,Miami
LOC01347,Tokyo High-Net-Worth #1347,35.6779,139.7429,Japan,High-Net-Worth Homeowners,5040000,Tokyo
LOC01348,San Francisco Business #1348,37.9938,-122.712,United States,Business Interruption,20924000,San Francisco
LOC01349,Tokyo Commercial #1349,35.6119,139.6602,Japan,Commercial Property,9208000,Tokyo
LOC01350,Mazatlan Commercial #1350,23.1873,-106.3167,Mexico,Commercial Property,74608000,Mazatlan
LOC01351,Johannesburg High-Net-Worth #1351,-26.2066,28.0543,South Africa,High-Net-Worth Homeowners,1660000,Johannesburg
LOC01352,Houston Energy #1352,29.5518,-95.0139,United States,Energy,174907000,Houston
LOC01353,New York Business #1353,40.5168,-73.7247,United States,Business Interruption,13324000,New York
LOC01354,Tampa High-Net-Worth #1354,27.5521,-82.5819,United States,High-Net-Worth Homeowners,5126000,Tampa
LOC01355,Shenzhen Marine #1355,22.8054,114.0358,China,Marine Cargo,4707000,Shenzhen
LOC01356,Hong Kong Energy #1356,22.083,114.1261,China,Energy,168382000,Hong Kong
LOC01357,Houston Energy #1357,29.7959,-95.289,United States,Energy,60590000,Houston
LOC01358,San Diego Commercial #1358,32.6544,-117.1577,United States,Commercial Property,45205000,San Diego
LOC01359,Hamburg Commercial #1359,53.5441,10.0181,Germany,Commercial Property,24081000,Hamburg
LOC01360,Jakarta Commercial #1360,-6.31,106.9204,Indonesia,Commercial Property,32700000,Jakarta
LOC01361,Taipei Business #1361,25.1176,121.7213,Taiwan,Business Interruption,19377000,Taipei
LOC01362,New York Commercial #1362,40.735,-73.8886,United States,Commercial Property,32805000,New York
LOC01363,Cabo San Lucas Travel #1363,23.007,-109.8304,Mexico,Travel,462000,Cabo San Lucas
LOC01364,Boston Business #1364,42.1713,-71.4351,United States,Business Interruption,18864000,Boston
LOC01365,Miami Business #1365,25.7132,-80.2288,United States,Business Interruption,15430000,Miami
LOC01366,Charleston High-Net-Worth #1366,32.7086,-80.0435,United States,High-Net-Worth Homeowners,5044000,Charleston
LOC01367,Mumbai Marine #1367,19.2275,72.8018,India,Marine Cargo,8505000,Mumbai
LOC01368,Charleston Marine #1368,32.5826,-79.8823,United States,Marine Cargo,16758000,Charleston
LOC01369,Tampa Commercial #1369,27.8304,-82.4653,United States,Commercial Property,48049000,Tampa
LOC01370,Johannesburg Business #1370,-26.2093,28.059,South Africa,Business Interruption,21906000,Johannesburg
LOC01371,Dubai Business #1371,25.1609,54.9129,United Arab Emirates,Business Interruption,34284000,Dubai
LOC01372,Houston Marine #1372,29.654,-95.4057,United States,Marine Cargo,25640000,Houston
LOC01373,Lagos Marine #1373,6.5268,3.3631,Nigeria,Marine Cargo,7625000,Lagos
LOC01374,Charleston Commercial #1374,32.7806,-79.7553,United States,Commercial Property,14656000,Charleston
LOC01375,San Francisco Commercial #1375,37.7857,-122.3446,United States,Commercial Property,5641000,San Francisco
LOC01376,Acapulco High-Net-Worth #1376,16.8607,-99.8979,Mexico,High-Net-Worth Homeowners,2453000,Acapulco
LOC01377,Valparaiso Commercial #1377,-33.2257,-71.7399,Chile,Commercial Property,3689000,Valparaiso
LOC01378,Tokyo Business #1378,35.6753,139.6806,Japan,Business Interruption,19202000,Tokyo
LOC01379,Chennai Marine #1379,13.2071,80.037,India,Marine Cargo,15825000,Chennai
LOC01380,Houston High-Net-Worth #1380,29.743,-95.4342,United States,High-Net-Worth Homeowners,1098000,Houston
LOC01381,New York High-Net-Worth #1381,40.6963,-73.8139,United States,High-Net-Worth Homeowners,1906000,New York
LOC01382,Cabo San Lucas Business #1382,22.7539,-110.0507,Mexico,Business Interruption,65484000,Cabo San Lucas
LOC01383,Houston Commercial #1383,29.7935,-95.3338,United States,Commercial Property,89738000,Houston
LOC01384,Puerto Vallarta Marine #1384,20.6457,-105.2387,Mexico,Marine Cargo,18847000,Puerto Vallarta
LOC01385,San Francisco Marine #1385,37.7467,-122.4736,United States,Marine Cargo,15201000,San Francisco
LOC01386,Boston Commercial #1386,42.3711,-71.221,United States,Commercial Property,7276000,Boston
LOC01387,Kinshasa High-Net-Worth #1387,-4.5197,15.1551,Democratic Republic of the Congo,High-Net-Worth Homeowners,5767000,Kinshasa
LOC01388,San Francisco High-Net-Worth #1388,37.7928,-122.4463,United States,High-Net-Worth Homeowners,802000,San Francisco
LOC01389,Kaohsiung Marine #1389,22.7874,120.348,Taiwan,Marine Cargo,2239000,Kaohsiung
LOC01390,San Francisco Business #1390,37.8853,-122.3404,United States,Business Interruption,27761000,San Francisco
LOC01391,Kinshasa Commercial #1391,-4.3044,15.4079,Democratic Republic of the Congo,Commercial Property,22326000,Kinshasa
LOC01392,Manila Commercial #1392,14.6008,120.9802,Philippines,Commercial Property,24258000,Manila
LOC01393,San Juan High-Net-Worth #1393,18.4816,-66.054,Puerto Rico,High-Net-Worth Homeowners,16659000,San Juan
LOC01394,New York Marine #1394,40.6897,-74.013,United States,Marine Cargo,19983000,New York
LOC01395,Miami Travel #1395,25.8408,-80.021,United States,Travel,822000,Miami
LOC01396,Shenzhen Marine #1396,22.5349,114.054,China,Marine Cargo,13809000,Shenzhen
LOC01397,Houston Energy #1397,30.0701,-95.3065,United States,Energy,223067000,Houston
LOC01398,Lagos Commercial #1398,6.2724,3.4061,Nigeria,Commercial Property,7931000,Lagos
LOC01399,Izmir Commercial #1399,38.4234,27.2673,Türkiye,Commercial Property,42594000,Izmir
LOC01400,Shenzhen Business #1400,22.5702,113.9778,China,Business Interruption,7848000,Shenzhen
LOC01401,New York High-Net-Worth #1401,40.7292,-73.9068,United States,High-Net-Worth Homeowners,1824000,New York
LOC01402,Tokyo High-Net-Worth #1402,35.7477,139.4777,Japan,High-Net-Worth Homeowners,2903000,Tokyo
LOC01403,Tampa Business #1403,27.8626,-82.3122,United States,Business Interruption,3460000,Tampa
LOC01404,San Juan Travel #1404,18.2924,-66.0474,Puerto Rico,Travel,1452000,San Juan
LOC01405,Cabo San Lucas High-Net-Worth #1405,22.8791,-110.0145,Mexico,High-Net-Worth Homeowners,4559000,Cabo San Lucas
LOC01406,Valencia Commercial #1406,39.4606,-0.377,Spain,Commercial Property,41488000,Valencia
LOC01407,Lagos Business #1407,6.4762,3.38,Nigeria,Business Interruption,29193000,Lagos
LOC01408,Cabo San Lucas High-Net-Worth #1408,22.7953,-109.9391,Mexico,High-Net-Worth Homeowners,2039000,Cabo San Lucas
LOC01409,Shanghai Business #1409,31.0498,121.5552,China,Business Interruption,62469000,Shanghai
LOC01410,Nassau Commercial #1410,25.0998,-77.1861,Bahamas,Commercial Property,42305000,Nassau
LOC01411,Nassau Commercial #1411,24.6433,-77.4914,Bahamas,Commercial Property,41173000,Nassau
LOC01412,Boston High-Net-Worth #1412,42.4895,-71.1428,United States,High-Net-Worth Homeowners,4015000,Boston
LOC01413,Hong Kong Commercial #1413,22.4717,114.3101,China,Commercial Property,38743000,Hong Kong
LOC01414,Honolulu Commercial #1414,21.6662,-158.1154,United States,Commercial Property,35502000,Honolulu
LOC01415,Shanghai Business #1415,31.2529,121.4599,China,Business Interruption,8581000,Shanghai
LOC01416,San Francisco Commercial #1416,37.78,-122.4379,United States,Commercial Property,36188000,San Francisco
LOC01417,London Marine #1417,51.5183,0.0979,United Kingdom,Marine Cargo,3428000,London
LOC01418,New York Commercial #1418,40.6541,-74.0288,United States,Commercial Property,70603000,New York
LOC01419,Valparaiso Commercial #1419,-32.9985,-71.7933,Chile,Commercial Property,88831000,Valparaiso
LOC01420,Miami Travel #1420,26.1743,-80.4977,United States,Travel,614000,Miami
LOC01421,Osaka Marine #1421,34.6911,135.565,Japan,Marine Cargo,23760000,Osaka
LOC01422,Cabo San Lucas High-Net-Worth #1422,23.0439,-109.9143,Mexico,High-Net-Worth Homeowners,1795000,Cabo San Lucas
LOC01423,Lima Accident #1423,-11.9241,-77.0987,Peru,Accident & Health,503000,Lima
LOC01424,Shanghai Marine #1424,31.2128,121.3322,China,Marine Cargo,36405000,Shanghai
LOC01425,Cancun Travel #1425,21.1969,-86.8855,Mexico,Travel,485000,Cancun
LOC01426,Manila High-Net-Worth #1426,14.5733,120.9393,Philippines,High-Net-Worth Homeowners,4341000,Manila
LOC01427,San Diego Business #1427,32.6493,-117.118,United States,Business Interruption,21455000,San Diego
LOC01428,Shenzhen High-Net-Worth #1428,22.2269,114.0319,China,High-Net-Worth Homeowners,2171000,Shenzhen
LOC01429,Lagos Marine #1429,6.5749,3.382,Nigeria,Marine Cargo,108233000,Lagos
LOC01430,Praia Commercial #1430,15.0958,-23.3446,Cape Verde,Commercial Property,12562000,Praia
LOC01431,Miami High-Net-Worth #1431,25.7324,-80.1374,United States,High-Net-Worth Homeowners,2779000,Miami
LOC01432,Naples FL High-Net-Worth #1432,26.0625,-81.8517,United States,High-Net-Worth Homeowners,1359000,Naples FL
LOC01433,Shenzhen Marine #1433,22.5781,114.5031,China,Marine Cargo,12666000,Shenzhen
LOC01434,Puerto Vallarta Business #1434,20.5319,-104.9925,Mexico,Business Interruption,16329000,Puerto Vallarta
LOC01435,Puerto Vallarta High-Net-Worth #1435,20.7653,-105.2377,Mexico,High-Net-Worth Homeowners,1402000,Puerto Vallarta
LOC01436,Boston Commercial #1436,42.2876,-71.165,United States,Commercial Property,96228000,Boston
LOC01437,Jakarta Business #1437,-6.1636,106.6317,Indonesia,Business Interruption,7469000,Jakarta
LOC01438,New York Commercial #1438,40.9348,-73.8131,United States,Commercial Property,96919000,New York
LOC01439,San Francisco High-Net-Worth #1439,37.5836,-122.4183,United States,High-Net-Worth Homeowners,3222000,San Francisco
LOC01440,Tampa Business #1440,27.6684,-82.2507,United States,Business Interruption,8808000,Tampa
LOC01441,Tokyo Commercial #1441,35.6895,139.6923,Japan,Commercial Property,28618000,Tokyo
LOC01442,Chennai Marine #1442,12.99,80.1457,India,Marine Cargo,48212000,Chennai
LOC01443,London Business #1443,51.5208,-0.1527,United Kingdom,Business Interruption,5449000,London
LOC01444,London Commercial #1444,51.659,-0.0215,United Kingdom,Commercial Property,14669000,London
LOC01445,Istanbul High-Net-Worth #1445,41.0012,28.9911,Türkiye,High-Net-Worth Homeowners,1742000,Istanbul
LOC01446,Miami Commercial #1446,25.7599,-80.1463,United States,Commercial Property,41328000,Miami
LOC01447,New York Marine #1447,40.6289,-73.9352,United States,Marine Cargo,11999000,New York
LOC01448,New Orleans Marine #1448,30.0528,-90.1288,United States,Marine Cargo,3916000,New Orleans
LOC01449,Shenzhen Energy #1449,22.6317,114.1801,China,Energy,59057000,Shenzhen
LOC01450,Santiago Business #1450,-33.4773,-70.7751,Chile,Business Interruption,11079000,Santiago
LOC01451,New York Commercial #1451,40.7006,-74.0557,United States,Commercial Property,33442000,New York
LOC01452,Bogota Marine #1452,4.6204,-74.1832,Colombia,Marine Cargo,14383000,Bogota
LOC01453,Manila Commercial #1453,14.5619,120.8939,Philippines,Commercial Property,6546000,Manila
LOC01454,Houston Commercial #1454,29.7817,-95.2248,United States,Commercial Property,44178000,Houston
LOC01455,New York Business #1455,40.6172,-73.8053,United States,Business Interruption,5933000,New York
LOC01456,Osaka Commercial #1456,34.8918,135.5453,Japan,Commercial Property,10693000,Osaka
LOC01457,New Orleans Marine #1457,29.9536,-90.0691,United States,Marine Cargo,5821000,New Orleans
LOC01458,Los Angeles Commercial #1458,34.2616,-118.3043,United States,Commercial Property,147700000,Los Angeles
LOC01459,Tampa Commercial #1459,27.834,-82.6164,United States,Commercial Property,36310000,Tampa
LOC01460,Jakarta Commercial #1460,-6.2211,106.8451,Indonesia,Commercial Property,41646000,Jakarta
LOC01461,Houston Commercial #1461,29.5988,-95.409,United States,Commercial Property,5867000,Houston
LOC01462,Jakarta Commercial #1462,-6.2813,106.9009,Indonesia,Commercial Property,13011000,Jakarta
LOC01463,Shanghai Commercial #1463,31.1935,121.4351,China,Commercial Property,25791000,Shanghai
LOC01464,Honolulu Business #1464,21.2474,-157.6923,United States,Business Interruption,54107000,Honolulu
LOC01465,Taipei High-Net-Worth #1465,25.1229,121.402,Taiwan,High-Net-Worth Homeowners,8672000,Taipei
LOC01466,Osaka Business #1466,34.7026,135.5351,Japan,Business Interruption,15703000,Osaka
LOC01467,Maui High-Net-Worth #1467,20.7426,-156.1747,United States,High-Net-Worth Homeowners,6615000,Maui
LOC01468,Milan Commercial #1468,45.3468,9.1863,Italy,Commercial Property,44928000,Milan
LOC01469,Miami Marine #1469,25.6531,-80.2372,United States,Marine Cargo,12015000,Miami
LOC01470,Surabaya Business #1470,-7.1854,112.7254,Indonesia,Business Interruption,18335000,Surabaya
LOC01471,Maui High-Net-Worth #1471,20.7675,-156.4493,United States,High-Net-Worth Homeowners,3283000,Maui
LOC01472,Jakarta Business #1472,-6.2147,106.839,Indonesia,Business Interruption,7336000,Jakarta
LOC01473,Acapulco Commercial #1473,16.5956,-99.9898,Mexico,Commercial Property,125359000,Acapulco
LOC01474,New York Marine #1474,40.8835,-74.02,United States,Marine Cargo,13000000,New York
LOC01475,Naples FL Commercial #1475,26.1873,-81.6503,United States,Commercial Property,30918000,Naples FL
LOC01476,Houston Marine #1476,29.7596,-95.2854,United States,Marine Cargo,10125000,Houston
LOC01477,Cancun High-Net-Worth #1477,21.1839,-86.8343,Mexico,High-Net-Worth Homeowners,7580000,Cancun
LOC01478,Tampa Commercial #1478,27.6224,-82.4125,United States,Commercial Property,13863000,Tampa
LOC01479,Manzanillo Marine #1479,19.0306,-104.3739,Mexico,Marine Cargo,8676000,Manzanillo
LOC01480,Naples FL Commercial #1480,25.9811,-81.6584,United States,Commercial Property,52256000,Naples FL
LOC01481,Tokyo Commercial #1481,35.676,139.7061,Japan,Commercial Property,38054000,Tokyo
LOC01482,Houston Marine #1482,29.6591,-95.1414,United States,Marine Cargo,37498000,Houston
LOC01483,Istanbul High-Net-Worth #1483,40.8567,28.9417,Türkiye,High-Net-Worth Homeowners,977000,Istanbul
LOC01484,Surabaya Business #1484,-7.2107,112.5926,Indonesia,Business Interruption,19909000,Surabaya
LOC01485,San Diego Business #1485,32.6686,-117.1306,United States,Business Interruption,6566000,San Diego
LOC01486,New York Energy #1486,40.8436,-74.0419,United States,Energy,174652000,New York
LOC01487,Lagos Business #1487,6.5237,3.3761,Nigeria,Business Interruption,32440000,Lagos
LOC01488,Miami Business #1488,25.7139,-80.1149,United States,Business Interruption,6529000,Miami
LOC01489,San Francisco Commercial #1489,37.7781,-122.3816,United States,Commercial Property,17919000,San Francisco
LOC01490,Kolkata Marine #1490,22.6648,88.4512,India,Marine Cargo,10923000,Kolkata
LOC01491,Rotterdam Business #1491,51.9949,4.4386,Netherlands,Business Interruption,10061000,Rotterdam
LOC01492,Boston Commercial #1492,42.3339,-71.0628,United States,Commercial Property,87357000,Boston
LOC01493,New Orleans Marine #1493,29.8331,-90.1553,United States,Marine Cargo,20998000,New Orleans
LOC01494,Mumbai Business #1494,19.0426,72.8243,India,Business Interruption,5041000,Mumbai
LOC01495,Rotterdam Marine #1495,51.9197,4.4816,Netherlands,Marine Cargo,5865000,Rotterdam
LOC01496,Osaka High-Net-Worth #1496,34.7929,135.353,Japan,High-Net-Worth Homeowners,1907000,Osaka
LOC01497,Mumbai High-Net-Worth #1497,19.45,73.0301,India,High-Net-Worth Homeowners,3572000,Mumbai
LOC01498,Cabo San Lucas High-Net-Worth #1498,22.9001,-109.896,Mexico,High-Net-Worth Homeowners,6514000,Cabo San Lucas
LOC01499,Lagos Marine #1499,6.521,3.4834,Nigeria,Marine Cargo,30964000,Lagos
LOC01500,Dubai Marine #1500,25.1937,55.2535,United Arab Emirates,Marine Cargo,6818000,Dubai
LOC01501,Chennai Commercial #1501,13.1713,80.1182,India,Commercial Property,22171000,Chennai
LOC01502,Osaka Marine #1502,34.4773,135.6074,Japan,Marine Cargo,49615000,Osaka
LOC01503,Honolulu Commercial #1503,21.3079,-157.8455,United States,Commercial Property,6481000,Honolulu
LOC01504,Cabo San Lucas Commercial #1504,22.7884,-109.8589,Mexico,Commercial Property,7931000,Cabo San Lucas
LOC01505,Dubai Commercial #1505,24.9772,55.2241,United Arab Emirates,Commercial Property,16960000,Dubai
LOC01506,Cabo San Lucas Commercial #1506,23.0253,-109.9016,Mexico,Commercial Property,39107000,Cabo San Lucas
LOC01507,Dubai Commercial #1507,25.2938,55.4727,United Arab Emirates,Commercial Property,35111000,Dubai
LOC01508,Manzanillo Marine #1508,19.133,-104.3536,Mexico,Marine Cargo,51838000,Manzanillo
LOC01509,Lagos Commercial #1509,6.5031,3.3925,Nigeria,Commercial Property,22417000,Lagos
LOC01510,Surabaya Business #1510,-7.2526,112.7225,Indonesia,Business Interruption,21025000,Surabaya
LOC01511,Charleston Commercial #1511,32.7458,-80.0385,United States,Commercial Property,11218000,Charleston
LOC01512,Shanghai Marine #1512,31.2526,121.4222,China,Marine Cargo,17134000,Shanghai
LOC01513,Puerto Vallarta High-Net-Worth #1513,20.4881,-105.0369,Mexico,High-Net-Worth Homeowners,4302000,Puerto Vallarta
LOC01514,Honolulu High-Net-Worth #1514,21.1915,-157.8471,United States,High-Net-Worth Homeowners,3361000,Honolulu
LOC01515,Shanghai Marine #1515,31.6336,121.2439,China,Marine Cargo,49313000,Shanghai
LOC01516,Mumbai Accident #1516,19.1945,72.7513,India,Accident & Health,2636000,Mumbai
LOC01517,New Orleans Commercial #1517,29.9153,-90.0309,United States,Commercial Property,21942000,New Orleans
LOC01518,Mazatlan Business #1518,23.3296,-106.4336,Mexico,Business Interruption,48401000,Mazatlan
LOC01519,Manila Accident #1519,14.5773,120.96,Philippines,Accident & Health,6476000,Manila
LOC01520,Tokyo Commercial #1520,35.4445,139.8785,Japan,Commercial Property,17288000,Tokyo
LOC01521,Miami Commercial #1521,25.8498,-80.2178,United States,Commercial Property,30153000,Miami
LOC01522,Tokyo Business #1522,35.8654,139.6265,Japan,Business Interruption,19304000,Tokyo
LOC01523,Visakhapatnam High-Net-Worth #1523,17.6908,83.1933,India,High-Net-Worth Homeowners,4843000,Visakhapatnam
LOC01524,Mumbai High-Net-Worth #1524,18.9535,73.2268,India,High-Net-Worth Homeowners,4767000,Mumbai
LOC01525,Chennai Marine #1525,13.1569,80.4331,India,Marine Cargo,7726000,Chennai
LOC01526,Houston Business #1526,29.6275,-95.363,United States,Business Interruption,3577000,Houston
LOC01527,Cancun Business #1527,21.141,-87.086,Mexico,Business Interruption,2954000,Cancun
LOC01528,Naples FL Commercial #1528,26.1565,-81.7592,United States,Commercial Property,49315000,Naples FL
LOC01529,Hamburg Marine #1529,53.4464,9.9345,Germany,Marine Cargo,22053000,Hamburg
LOC01530,Johannesburg High-Net-Worth #1530,-26.1667,28.0252,South Africa,High-Net-Worth Homeowners,2753000,Johannesburg
LOC01531,Manila Commercial #1531,14.8488,120.8085,Philippines,Commercial Property,30524000,Manila
LOC01532,Mumbai Energy #1532,19.088,72.8607,India,Energy,169311000,Mumbai
LOC01533,Manzanillo Marine #1533,19.1152,-103.9902,Mexico,Marine Cargo,8737000,Manzanillo
LOC01534,Rotterdam Marine #1534,51.998,4.5614,Netherlands,Marine Cargo,9955000,Rotterdam
LOC01535,Hamburg Energy #1535,53.5599,9.9649,Germany,Energy,56849000,Hamburg
LOC01536,Mumbai Commercial #1536,19.1519,73.239,India,Commercial Property,9986000,Mumbai
LOC01537,New York Commercial #1537,40.7233,-73.9677,United States,Commercial Property,9462000,New York
LOC01538,Tampa High-Net-Worth #1538,27.9327,-82.4473,United States,High-Net-Worth Homeowners,7917000,Tampa
LOC01539,Manzanillo High-Net-Worth #1539,19.1805,-104.3486,Mexico,High-Net-Worth Homeowners,930000,Manzanillo
LOC01540,Shenzhen Marine #1540,22.5347,114.1081,China,Marine Cargo,7548000,Shenzhen
LOC01541,Concepcion Commercial #1541,-37.0331,-73.3603,Chile,Commercial Property,36880000,Concepcion
LOC01542,New Orleans Marine #1542,30.0592,-89.954,United States,Marine Cargo,16802000,New Orleans
LOC01543,Houston Energy #1543,29.7619,-95.3754,United States,Energy,71153000,Houston
LOC01544,Lagos Marine #1544,6.2931,3.3205,Nigeria,Marine Cargo,5802000,Lagos
LOC01545,Tokyo High-Net-Worth #1545,35.7502,139.6253,Japan,High-Net-Worth Homeowners,3147000,Tokyo
LOC01546,Hong Kong Business #1546,22.2541,114.1005,China,Business Interruption,13647000,Hong Kong
LOC01547,Lagos Marine #1547,6.5065,3.3518,Nigeria,Marine Cargo,8673000,Lagos
LOC01548,Concepcion Business #1548,-36.9614,-73.0255,Chile,Business Interruption,12396000,Concepcion
LOC01549,Johannesburg Business #1549,-26.161,28.2721,South Africa,Business Interruption,11312000,Johannesburg
LOC01550,Boston Commercial #1550,42.5536,-71.1606,United States,Commercial Property,47896000,Boston
LOC01551,Mexico City Commercial #1551,19.6189,-99.2682,Mexico,Commercial Property,37090000,Mexico City
LOC01552,Tokyo Accident #1552,35.9322,139.7196,Japan,Accident & Health,1194000,Tokyo
LOC01553,Manzanillo High-Net-Worth #1553,19.0075,-104.3243,Mexico,High-Net-Worth Homeowners,3519000,Manzanillo
LOC01554,New York Business #1554,40.72,-73.9941,United States,Business Interruption,22912000,New York
LOC01555,New Orleans Marine #1555,29.6887,-89.9624,United States,Marine Cargo,3816000,New Orleans
LOC01556,Tokyo Commercial #1556,35.6007,139.6683,Japan,Commercial Property,11300000,Tokyo
LOC01557,Hamburg High-Net-Worth #1557,53.5447,9.9798,Germany,High-Net-Worth Homeowners,6046000,Hamburg
LOC01558,Santiago Commercial #1558,-33.425,-70.6785,Chile,Commercial Property,6332000,Santiago
LOC01559,Milan High-Net-Worth #1559,45.4203,9.487,Italy,High-Net-Worth Homeowners,5760000,Milan
LOC01560,Manzanillo Commercial #1560,19.0643,-104.3281,Mexico,Commercial Property,18365000,Manzanillo
LOC01561,Cabo San Lucas High-Net-Worth #1561,22.8088,-110.0288,Mexico,High-Net-Worth Homeowners,6470000,Cabo San Lucas
LOC01562,Honolulu Accident #1562,21.1532,-157.6342,United States,Accident & Health,5016000,Honolulu
LOC01563,Hamburg Marine #1563,53.6281,9.7396,Germany,Marine Cargo,21267000,Hamburg
LOC01564,Honolulu Travel #1564,21.3112,-157.8484,United States,Travel,135000,Honolulu
LOC01565,New York Commercial #1565,40.6866,-73.8617,United States,Commercial Property,22960000,New York
LOC01566,Tampa Commercial #1566,27.9466,-82.4599,United States,Commercial Property,94907000,Tampa
LOC01567,Los Angeles Commercial #1567,34.0097,-118.1315,United States,Commercial Property,24312000,Los Angeles
LOC01568,Los Angeles Commercial #1568,34.0549,-118.2368,United States,Commercial Property,24699000,Los Angeles
LOC01569,Kinshasa Commercial #1569,-4.5182,15.4415,Democratic Republic of the Congo,Commercial Property,21861000,Kinshasa
LOC01570,Naha Okinawa High-Net-Worth #1570,26.2757,127.5357,Japan,High-Net-Worth Homeowners,6195000,Naha Okinawa
LOC01571,London High-Net-Worth #1571,51.3627,-0.3791,United Kingdom,High-Net-Worth Homeowners,1627000,London
LOC01572,Istanbul Commercial #1572,40.9061,28.8782,Türkiye,Commercial Property,15806000,Istanbul
LOC01573,Kolkata Commercial #1573,22.6276,88.3803,India,Commercial Property,6613000,Kolkata
LOC01574,Honolulu High-Net-Worth #1574,21.2813,-158.1006,United States,High-Net-Worth Homeowners,5332000,Honolulu
LOC01575,London Commercial #1575,51.6767,-0.017,United Kingdom,Commercial Property,58708000,London
LOC01576,Santo Domingo Marine #1576,18.4802,-70.0018,Dominican Republic,Marine Cargo,15229000,Santo Domingo
LOC01577,San Francisco High-Net-Worth #1577,37.7293,-122.171,United States,High-Net-Worth Homeowners,4532000,San Francisco
LOC01578,Kona / Hilo Business #1578,19.6142,-155.9546,United States,Business Interruption,23545000,Kona / Hilo
LOC01579,New York Business #1579,40.9593,-74.249,United States,Business Interruption,24885000,New York
LOC01580,Nassau Business #1580,25.1126,-77.226,Bahamas,Business Interruption,7107000,Nassau
LOC01581,Naha Okinawa Marine #1581,26.3246,127.2946,Japan,Marine Cargo,4481000,Naha Okinawa
LOC01582,New Orleans Marine #1582,29.8446,-90.0893,United States,Marine Cargo,39855000,New Orleans
LOC01583,Mumbai Business #1583,19.0737,72.5994,India,Business Interruption,32104000,Mumbai
LOC01584,Shanghai Commercial #1584,31.2025,121.3098,China,Commercial Property,34352000,Shanghai
LOC01585,Tokyo Business #1585,35.9925,139.6712,Japan,Business Interruption,23891000,Tokyo
LOC01586,Honolulu Commercial #1586,21.3614,-157.6859,United States,Commercial Property,19670000,Honolulu
LOC01587,Rotterdam Marine #1587,51.9823,4.377,Netherlands,Marine Cargo,10874000,Rotterdam
LOC01588,Mumbai Commercial #1588,18.9833,72.9775,India,Commercial Property,38982000,Mumbai
LOC01589,Charleston Business #1589,32.8414,-80.0418,United States,Business Interruption,68847000,Charleston
LOC01590,Los Angeles High-Net-Worth #1590,33.8971,-117.7884,United States,High-Net-Worth Homeowners,2770000,Los Angeles
LOC01591,Charleston Commercial #1591,32.748,-79.8761,United States,Commercial Property,11423000,Charleston
LOC01592,New York Commercial #1592,40.6968,-74.0549,United States,Commercial Property,5087000,New York
LOC01593,Athens Commercial #1593,37.9401,23.9188,Greece,Commercial Property,84524000,Athens
LOC01594,Goma Energy #1594,-1.6199,29.2876,Democratic Republic of the Congo,Energy,342950000,Goma
LOC01595,Izmir Business #1595,38.3491,27.0942,Türkiye,Business Interruption,28372000,Izmir
LOC01596,Shenzhen High-Net-Worth #1596,22.548,114.0989,China,High-Net-Worth Homeowners,3446000,Shenzhen
LOC01597,Nairobi High-Net-Worth #1597,-1.2975,36.9426,Kenya,High-Net-Worth Homeowners,3017000,Nairobi
LOC01598,San Juan High-Net-Worth #1598,18.571,-66.1747,Puerto Rico,High-Net-Worth Homeowners,1409000,San Juan
LOC01599,Istanbul Commercial #1599,40.8396,29.0107,Türkiye,Commercial Property,34151000,Istanbul
LOC01600,Puerto Vallarta High-Net-Worth #1600,20.584,-105.3721,Mexico,High-Net-Worth Homeowners,1845000,Puerto Vallarta
LOC01601,Honolulu Marine #1601,21.5755,-158.0366,United States,Marine Cargo,4365000,Honolulu
LOC01602,Honolulu High-Net-Worth #1602,21.4166,-157.788,United States,High-Net-Worth Homeowners,1876000,Honolulu
LOC01603,Kinshasa Commercial #1603,-4.5425,15.3612,Democratic Republic of the Congo,Commercial Property,10588000,Kinshasa
LOC01604,New Orleans Energy #1604,30.0656,-90.0535,United States,Energy,259936000,New Orleans
LOC01605,Johannesburg High-Net-Worth #1605,-26.2582,28.0201,South Africa,High-Net-Worth Homeowners,5748000,Johannesburg
LOC01606,Johannesburg Marine #1606,-26.2364,27.9033,South Africa,Marine Cargo,4070000,Johannesburg
LOC01607,Manzanillo Marine #1607,19.4758,-104.3714,Mexico,Marine Cargo,21989000,Manzanillo
LOC01608,Acapulco Business #1608,16.6901,-100.0562,Mexico,Business Interruption,19305000,Acapulco
LOC01609,Miami High-Net-Worth #1609,25.9201,-79.9534,United States,High-Net-Worth Homeowners,1592000,Miami
LOC01610,Johannesburg Commercial #1610,-26.3729,27.8881,South Africa,Commercial Property,52043000,Johannesburg
LOC01611,Hamburg Commercial #1611,53.5633,9.7186,Germany,Commercial Property,44797000,Hamburg
LOC01612,San Francisco Business #1612,37.7519,-122.3993,United States,Business Interruption,26619000,San Francisco
LOC01613,Shenzhen Energy #1613,22.5082,114.267,China,Energy,134773000,Shenzhen
LOC01614,Cancun Business #1614,21.2921,-86.9261,Mexico,Business Interruption,16445000,Cancun
LOC01615,Mumbai High-Net-Worth #1615,19.3608,72.8396,India,High-Net-Worth Homeowners,2196000,Mumbai
LOC01616,Nairobi High-Net-Worth #1616,-1.4311,36.856,Kenya,High-Net-Worth Homeowners,5353000,Nairobi
LOC01617,London Commercial #1617,51.4864,-0.2373,United Kingdom,Commercial Property,4996000,London
LOC01618,Chennai Commercial #1618,13.2663,80.0863,India,Commercial Property,9117000,Chennai
LOC01619,Nairobi Marine #1619,-1.3627,36.8929,Kenya,Marine Cargo,10287000,Nairobi
LOC01620,Tokyo Business #1620,35.7995,139.7239,Japan,Business Interruption,23827000,Tokyo
LOC01621,Maui High-Net-Worth #1621,20.757,-156.3625,United States,High-Net-Worth Homeowners,5545000,Maui
LOC01622,Santiago High-Net-Worth #1622,-33.3974,-71.01,Chile,High-Net-Worth Homeowners,3122000,Santiago
LOC01623,London Commercial #1623,51.5547,-0.3491,United Kingdom,Commercial Property,78579000,London
LOC01624,Boston Energy #1624,42.4509,-71.0109,United States,Energy,229828000,Boston
LOC01625,Maui Business #1625,20.9112,-156.321,United States,Business Interruption,17082000,Maui
LOC01626,Tampa Business #1626,27.9026,-82.4969,United States,Business Interruption,12850000,Tampa
LOC01627,Mazatlan Marine #1627,23.2102,-106.4543,Mexico,Marine Cargo,14652000,Mazatlan
LOC01628,Kona / Hilo Accident #1628,19.895,-155.7069,United States,Accident & Health,5889000,Kona / Hilo
LOC01629,New Orleans Marine #1629,29.9458,-90.064,United States,Marine Cargo,15184000,New Orleans
LOC01630,Lagos Business #1630,6.5413,3.4216,Nigeria,Business Interruption,7870000,Lagos
LOC01631,Mexico City Marine #1631,19.3135,-98.9764,Mexico,Marine Cargo,17555000,Mexico City
LOC01632,New York Commercial #1632,40.7263,-74.1632,United States,Commercial Property,16112000,New York
LOC01633,Manzanillo Commercial #1633,19.2802,-104.3696,Mexico,Commercial Property,27218000,Manzanillo
LOC01634,Los Angeles Business #1634,34.0531,-118.2521,United States,Business Interruption,23231000,Los Angeles
LOC01635,Mexico City Commercial #1635,19.4426,-99.2161,Mexico,Commercial Property,19574000,Mexico City
LOC01636,London Business #1636,51.2,-0.3743,United Kingdom,Business Interruption,18540000,London
LOC01637,Bogota High-Net-Worth #1637,4.6697,-74.0244,Colombia,High-Net-Worth Homeowners,3178000,Bogota
LOC01638,London High-Net-Worth #1638,51.6251,0.0072,United Kingdom,High-Net-Worth Homeowners,8491000,London
LOC01639,Osaka Business #1639,34.6631,135.6165,Japan,Business Interruption,12038000,Osaka
LOC01640,Tokyo Business #1640,35.4535,139.6785,Japan,Business Interruption,18708000,Tokyo
LOC01641,Tokyo High-Net-Worth #1641,35.6832,139.7205,Japan,High-Net-Worth Homeowners,1092000,Tokyo
LOC01642,Lagos Marine #1642,6.7293,3.2655,Nigeria,Marine Cargo,15128000,Lagos
LOC01643,Milan Business #1643,45.3601,9.2842,Italy,Business Interruption,13425000,Milan
LOC01644,London Business #1644,51.373,-0.2358,United Kingdom,Business Interruption,26213000,London
LOC01645,Hong Kong High-Net-Worth #1645,22.2848,114.1551,China,High-Net-Worth Homeowners,4249000,Hong Kong
LOC01646,Jakarta Accident #1646,-6.3643,107.0605,Indonesia,Accident & Health,941000,Jakarta
LOC01647,Johannesburg Marine #1647,-25.9721,28.07,South Africa,Marine Cargo,2616000,Johannesburg
LOC01648,Houston Business #1648,29.7774,-95.2002,United States,Business Interruption,10278000,Houston
LOC01649,Manzanillo Business #1649,18.9698,-104.5603,Mexico,Business Interruption,39581000,Manzanillo
LOC01650,Johannesburg Commercial #1650,-26.1662,28.0688,South Africa,Commercial Property,22492000,Johannesburg
LOC01651,Santiago Business #1651,-33.4784,-70.954,Chile,Business Interruption,67076000,Santiago
LOC01652,Visakhapatnam Marine #1652,17.7723,83.1501,India,Marine Cargo,4144000,Visakhapatnam
LOC01653,Manila Business #1653,14.6142,121.0065,Philippines,Business Interruption,33188000,Manila
LOC01654,Athens High-Net-Worth #1654,37.9712,23.6248,Greece,High-Net-Worth Homeowners,29185000,Athens
LOC01655,Osaka Business #1655,34.5668,135.5067,Japan,Business Interruption,6978000,Osaka
LOC01656,Tokyo Commercial #1656,35.7499,139.5735,Japan,Commercial Property,9891000,Tokyo
LOC01657,La Paz BCS Commercial #1657,24.3544,-110.2359,Mexico,Commercial Property,50183000,La Paz BCS
LOC01658,Bogota Commercial #1658,4.7237,-73.9454,Colombia,Commercial Property,53650000,Bogota
LOC01659,Hamburg Business #1659,53.3726,10.2008,Germany,Business Interruption,17147000,Hamburg
LOC01660,New York Commercial #1660,40.7199,-74.0144,United States,Commercial Property,42538000,New York
LOC01661,New Orleans Business #1661,29.9375,-90.1407,United States,Business Interruption,4005000,New Orleans
LOC01662,Shanghai Commercial #1662,31.095,121.5635,China,Commercial Property,24083000,Shanghai
LOC01663,Mexico City High-Net-Worth #1663,19.4273,-99.1358,Mexico,High-Net-Worth Homeowners,23819000,Mexico City
LOC01664,Manila High-Net-Worth #1664,14.6559,121.0163,Philippines,High-Net-Worth Homeowners,3728000,Manila
LOC01665,London Commercial #1665,51.5405,-0.3169,United Kingdom,Commercial Property,21859000,London
LOC01666,Charleston Commercial #1666,32.7703,-79.8998,United States,Commercial Property,17411000,Charleston
LOC01667,Kampala High-Net-Worth #1667,0.2349,32.4821,Uganda,High-Net-Worth Homeowners,5760000,Kampala
LOC01668,Tokyo Commercial #1668,35.6527,139.7021,Japan,Commercial Property,10239000,Tokyo
LOC01669,Shanghai High-Net-Worth #1669,31.2616,121.6779,China,High-Net-Worth Homeowners,3333000,Shanghai
LOC01670,San Juan High-Net-Worth #1670,18.5115,-66.179,Puerto Rico,High-Net-Worth Homeowners,3984000,San Juan
LOC01671,London Business #1671,51.6347,-0.3618,United Kingdom,Business Interruption,7716000,London
LOC01672,Cancun Accident #1672,21.2785,-86.9442,Mexico,Accident & Health,1824000,Cancun
LOC01673,New Orleans Marine #1673,29.9488,-90.1182,United States,Marine Cargo,9954000,New Orleans
LOC01674,San Francisco Commercial #1674,37.7528,-122.3796,United States,Commercial Property,21205000,San Francisco
LOC01675,Mexico City Commercial #1675,19.6258,-99.2396,Mexico,Commercial Property,45755000,Mexico City
LOC01676,Kona / Hilo Business #1676,19.726,-155.8984,United States,Business Interruption,10465000,Kona / Hilo
LOC01677,Cabo San Lucas Commercial #1677,23.1592,-109.9574,Mexico,Commercial Property,18974000,Cabo San Lucas
LOC01678,Manzanillo High-Net-Worth #1678,19.1117,-104.3359,Mexico,High-Net-Worth Homeowners,17134000,Manzanillo
LOC01679,New York Commercial #1679,40.7118,-74.086,United States,Commercial Property,26344000,New York
LOC01680,New Orleans Marine #1680,30.0456,-90.1389,United States,Marine Cargo,9242000,New Orleans
LOC01681,Sydney Commercial #1681,-33.9897,151.2835,Australia,Commercial Property,99326000,Sydney
LOC01682,Istanbul Commercial #1682,40.9762,29.2136,Türkiye,Commercial Property,47494000,Istanbul
LOC01683,London Business #1683,51.2736,0.1815,United Kingdom,Business Interruption,60946000,London
LOC01684,Kolkata Energy #1684,22.5659,88.3661,India,Energy,170642000,Kolkata
LOC01685,Kaohsiung Commercial #1685,22.6508,120.3229,Taiwan,Commercial Property,29945000,Kaohsiung
LOC01686,New York Commercial #1686,40.7234,-74.0366,United States,Commercial Property,80335000,New York
LOC01687,New York Marine #1687,40.6363,-74.277,United States,Marine Cargo,13073000,New York
LOC01688,Kaohsiung Marine #1688,22.4745,120.2334,Taiwan,Marine Cargo,10872000,Kaohsiung
LOC01689,Manzanillo Marine #1689,18.9531,-104.2613,Mexico,Marine Cargo,5629000,Manzanillo
LOC01690,Hamburg Commercial #1690,53.7016,9.6097,Germany,Commercial Property,9660000,Hamburg
LOC01691,Johannesburg Business #1691,-26.1844,27.9965,South Africa,Business Interruption,9070000,Johannesburg
LOC01692,London High-Net-Worth #1692,51.5726,-0.3349,United Kingdom,High-Net-Worth Homeowners,758000,London
LOC01693,Shenzhen Marine #1693,22.5413,114.0594,China,Marine Cargo,9184000,Shenzhen
LOC01694,New Orleans Marine #1694,29.9858,-90.2553,United States,Marine Cargo,6195000,New Orleans
LOC01695,Visakhapatnam Commercial #1695,17.7278,83.0797,India,Commercial Property,15525000,Visakhapatnam
LOC01696,San Diego Marine #1696,32.8265,-116.8679,United States,Marine Cargo,21699000,San Diego
LOC01697,London High-Net-Worth #1697,51.4482,-0.2381,United Kingdom,High-Net-Worth Homeowners,1063000,London
LOC01698,Hamburg Commercial #1698,53.5383,10.0213,Germany,Commercial Property,17266000,Hamburg
LOC01699,Santo Domingo Energy #1699,18.452,-69.9415,Dominican Republic,Energy,244329000,Santo Domingo
LOC01700,Houston Energy #1700,29.7564,-95.3976,United States,Energy,179234000,Houston
LOC01701,Houston Commercial #1701,29.6085,-95.3591,United States,Commercial Property,18222000,Houston
LOC01702,Houston Energy #1702,29.566,-95.2835,United States,Energy,154969000,Houston
LOC01703,Concepcion Business #1703,-36.6471,-72.945,Chile,Business Interruption,16465000,Concepcion
LOC01704,Houston Marine #1704,29.7632,-95.358,United States,Marine Cargo,7454000,Houston
LOC01705,New York Commercial #1705,40.6097,-73.9887,United States,Commercial Property,39786000,New York
LOC01706,Mexico City High-Net-Worth #1706,19.3003,-98.9113,Mexico,High-Net-Worth Homeowners,5980000,Mexico City
LOC01707,Johannesburg Commercial #1707,-26.2256,28.2657,South Africa,Commercial Property,36994000,Johannesburg
LOC01708,La Paz BCS Commercial #1708,24.015,-110.4566,Mexico,Commercial Property,60334000,La Paz BCS
LOC01709,Puerto Vallarta High-Net-Worth #1709,20.4993,-105.2905,Mexico,High-Net-Worth Homeowners,4854000,Puerto Vallarta
LOC01710,Rotterdam Business #1710,51.9169,4.4677,Netherlands,Business Interruption,11632000,Rotterdam
LOC01711,Mumbai Commercial #1711,18.6912,72.9658,India,Commercial Property,13653000,Mumbai
LOC01712,Kinshasa High-Net-Worth #1712,-4.4687,15.3272,Democratic Republic of the Congo,High-Net-Worth Homeowners,4443000,Kinshasa
LOC01713,Shanghai Marine #1713,31.2513,121.5165,China,Marine Cargo,10671000,Shanghai
LOC01714,Dubai High-Net-Worth #1714,25.088,55.2884,United Arab Emirates,High-Net-Worth Homeowners,3509000,Dubai
LOC01715,Kona / Hilo High-Net-Worth #1715,19.6395,-155.9869,United States,High-Net-Worth Homeowners,2468000,Kona / Hilo
LOC01716,Mumbai High-Net-Worth #1716,19.1485,72.8276,India,High-Net-Worth Homeowners,13948000,Mumbai
LOC01717,Mumbai Business #1717,19.1239,72.9266,India,Business Interruption,15716000,Mumbai
LOC01718,Mumbai Commercial #1718,19.0537,72.8799,India,Commercial Property,140642000,Mumbai
LOC01719,Taipei Commercial #1719,24.939,121.7585,Taiwan,Commercial Property,11220000,Taipei
LOC01720,Houston Business #1720,29.5014,-95.4294,United States,Business Interruption,5967000,Houston
LOC01721,Shanghai Marine #1721,31.3291,121.579,China,Marine Cargo,7616000,Shanghai
LOC01722,Houston Energy #1722,29.8439,-95.4004,United States,Energy,120919000,Houston
LOC01723,Sydney High-Net-Worth #1723,-33.8703,151.2092,Australia,High-Net-Worth Homeowners,2270000,Sydney
LOC01724,Hong Kong Commercial #1724,22.3144,114.1738,China,Commercial Property,10048000,Hong Kong
LOC01725,Los Angeles Commercial #1725,33.8184,-118.2805,United States,Commercial Property,62256000,Los Angeles
LOC01726,New Orleans Marine #1726,29.9594,-90.0605,United States,Marine Cargo,5678000,New Orleans
LOC01727,San Francisco High-Net-Worth #1727,37.7435,-122.3151,United States,High-Net-Worth Homeowners,10500000,San Francisco
LOC01728,Hong Kong Commercial #1728,22.2505,114.2723,China,Commercial Property,15357000,Hong Kong
LOC01729,London Commercial #1729,51.4138,-0.2851,United Kingdom,Commercial Property,14245000,London
LOC01730,San Francisco Business #1730,37.8316,-122.3635,United States,Business Interruption,36441000,San Francisco
LOC01731,Houston Marine #1731,29.7011,-95.2543,United States,Marine Cargo,2510000,Houston
LOC01732,Hong Kong Commercial #1732,22.4014,114.3305,China,Commercial Property,19730000,Hong Kong
LOC01733,San Diego Business #1733,32.7284,-117.1534,United States,Business Interruption,17953000,San Diego
LOC01734,Lagos Marine #1734,6.6889,3.5208,Nigeria,Marine Cargo,16125000,Lagos
LOC01735,Puerto Vallarta High-Net-Worth #1735,20.6811,-105.4298,Mexico,High-Net-Worth Homeowners,11598000,Puerto Vallarta
LOC01736,San Francisco Commercial #1736,37.7412,-122.4381,United States,Commercial Property,22038000,San Francisco
LOC01737,Kampala Marine #1737,0.3961,32.6108,Uganda,Marine Cargo,6059000,Kampala
LOC01738,San Diego Marine #1738,32.6133,-117.0461,United States,Marine Cargo,7384000,San Diego
LOC01739,Miami Commercial #1739,25.8086,-79.9011,United States,Commercial Property,49831000,Miami
LOC01740,Los Angeles Commercial #1740,34.0594,-118.2318,United States,Commercial Property,48349000,Los Angeles
LOC01741,Lagos Marine #1741,6.3183,3.5259,Nigeria,Marine Cargo,3075000,Lagos
LOC01742,Tampa Commercial #1742,27.9325,-82.4766,United States,Commercial Property,32495000,Tampa
LOC01743,Boston Business #1743,42.4903,-71.0434,United States,Business Interruption,69691000,Boston
LOC01744,Chennai Commercial #1744,13.0784,80.2392,India,Commercial Property,8530000,Chennai
LOC01745,Kampala Travel #1745,0.4729,32.6009,Uganda,Travel,1086000,Kampala
LOC01746,Lagos Energy #1746,6.624,3.3756,Nigeria,Energy,49395000,Lagos
LOC01747,Nassau Commercial #1747,25.1796,-77.3302,Bahamas,Commercial Property,84787000,Nassau
LOC01748,Boston High-Net-Worth #1748,42.3845,-71.238,United States,High-Net-Worth Homeowners,2760000,Boston
LOC01749,Houston Energy #1749,29.976,-95.4025,United States,Energy,344970000,Houston
LOC01750,Maui Commercial #1750,20.8311,-156.3581,United States,Commercial Property,25790000,Maui
LOC01751,San Diego Commercial #1751,32.7582,-117.2718,United States,Commercial Property,18755000,San Diego
LOC01752,Izmir High-Net-Worth #1752,38.4091,27.0059,Türkiye,High-Net-Worth Homeowners,1716000,Izmir
LOC01753,Puerto Vallarta High-Net-Worth #1753,20.5299,-105.2954,Mexico,High-Net-Worth Homeowners,5386000,Puerto Vallarta
LOC01754,La Paz BCS Business #1754,24.0488,-110.4168,Mexico,Business Interruption,29938000,La Paz BCS
LOC01755,La Paz BCS Commercial #1755,23.8991,-110.3129,Mexico,Commercial Property,42209000,La Paz BCS
LOC01756,Hong Kong Business #1756,22.333,114.1444,China,Business Interruption,49234000,Hong Kong
LOC01757,Milan Business #1757,45.3782,9.3317,Italy,Business Interruption,59063000,Milan
LOC01758,New York Energy #1758,40.8859,-74.048,United States,Energy,305929000,New York
LOC01759,London High-Net-Worth #1759,51.5793,-0.2756,United Kingdom,High-Net-Worth Homeowners,3473000,London
LOC01760,Houston Energy #1760,29.801,-95.3716,United States,Energy,455592000,Houston
LOC01761,Milan Commercial #1761,45.5143,9.0105,Italy,Commercial Property,8609000,Milan
LOC01762,Lagos Marine #1762,6.4649,3.3968,Nigeria,Marine Cargo,62596000,Lagos
LOC01763,Cancun High-Net-Worth #1763,21.1622,-86.7765,Mexico,High-Net-Worth Homeowners,7379000,Cancun
LOC01764,Concepcion Commercial #1764,-36.6962,-73.0483,Chile,Commercial Property,43489000,Concepcion
LOC01765,Houston Marine #1765,29.9862,-95.2278,United States,Marine Cargo,11918000,Houston
LOC01766,Hong Kong Commercial #1766,22.1708,114.5353,China,Commercial Property,24947000,Hong Kong
LOC01767,Tokyo Commercial #1767,35.5758,139.5503,Japan,Commercial Property,16910000,Tokyo
LOC01768,Maui High-Net-Worth #1768,20.7622,-156.3809,United States,High-Net-Worth Homeowners,1969000,Maui
LOC01769,Cabo San Lucas Business #1769,22.9334,-109.9152,Mexico,Business Interruption,15546000,Cabo San Lucas
LOC01770,Kona / Hilo High-Net-Worth #1770,19.652,-155.9653,United States,High-Net-Worth Homeowners,2672000,Kona / Hilo
LOC01771,Lima Business #1771,-11.9439,-76.8582,Peru,Business Interruption,12799000,Lima
LOC01772,Osaka Business #1772,34.536,135.4824,Japan,Business Interruption,18146000,Osaka
LOC01773,San Juan Commercial #1773,18.4367,-66.1227,Puerto Rico,Commercial Property,16678000,San Juan
LOC01774,Puerto Vallarta Commercial #1774,20.7289,-105.1294,Mexico,Commercial Property,44646000,Puerto Vallarta
LOC01775,Dubai Commercial #1775,25.075,55.0196,United Arab Emirates,Commercial Property,7452000,Dubai
LOC01776,Manila Commercial #1776,14.478,120.5064,Philippines,Commercial Property,11114000,Manila
LOC01777,Rotterdam High-Net-Worth #1777,51.987,4.2044,Netherlands,High-Net-Worth Homeowners,2750000,Rotterdam
LOC01778,Hamburg Commercial #1778,53.5635,10.0414,Germany,Commercial Property,34829000,Hamburg
LOC01779,London Commercial #1779,51.5148,-0.1134,United Kingdom,Commercial Property,48225000,London
LOC01780,Los Angeles Commercial #1780,33.8406,-118.0984,United States,Commercial Property,55403000,Los Angeles
LOC01781,Istanbul Commercial #1781,41.2991,29.2502,Türkiye,Commercial Property,25527000,Istanbul
LOC01782,Mexico City Business #1782,19.4434,-99.2168,Mexico,Business Interruption,37294000,Mexico City
LOC01783,Shanghai Business #1783,31.2252,121.5201,China,Business Interruption,20875000,Shanghai
LOC01784,Shenzhen Commercial #1784,22.6295,114.0719,China,Commercial Property,14520000,Shenzhen
LOC01785,Shenzhen Commercial #1785,22.6947,114.3937,China,Commercial Property,94921000,Shenzhen
LOC01786,Santiago Commercial #1786,-33.3916,-70.4531,Chile,Commercial Property,142211000,Santiago
LOC01787,Houston Commercial #1787,29.9434,-95.3292,United States,Commercial Property,9706000,Houston
LOC01788,Kona / Hilo Commercial #1788,19.1725,-155.962,United States,Commercial Property,7721000,Kona / Hilo
LOC01789,Osaka Commercial #1789,34.6824,135.499,Japan,Commercial Property,12656000,Osaka
LOC01790,Houston High-Net-Worth #1790,29.8757,-95.4284,United States,High-Net-Worth Homeowners,8335000,Houston
LOC01791,Honolulu High-Net-Worth #1791,21.5371,-157.9698,United States,High-Net-Worth Homeowners,1068000,Honolulu
LOC01792,Goma Commercial #1792,-1.7175,29.1308,Democratic Republic of the Congo,Commercial Property,10991000,Goma
LOC01793,La Paz BCS Commercial #1793,24.1815,-110.4172,Mexico,Commercial Property,8819000,La Paz BCS
LOC01794,Istanbul Business #1794,41.0877,29.0216,Türkiye,Business Interruption,11852000,Istanbul
LOC01795,Tampa Energy #1795,27.9226,-82.2604,United States,Energy,358943000,Tampa
LOC01796,Tampa Commercial #1796,27.9864,-82.7143,United States,Commercial Property,36926000,Tampa
LOC01797,Hamburg Marine #1797,53.5552,9.93,Germany,Marine Cargo,17922000,Hamburg
LOC01798,New York Commercial #1798,40.5764,-74.297,United States,Commercial Property,86915000,New York
LOC01799,Houston Commercial #1799,29.6449,-95.423,United States,Commercial Property,30916000,Houston
LOC01800,Houston Commercial #1800,29.7609,-95.3663,United States,Commercial Property,18230000,Houston
LOC01801,Shenzhen Business #1801,22.5124,114.0984,China,Business Interruption,31804000,Shenzhen
LOC01802,Lima High-Net-Worth #1802,-12.034,-76.9309,Peru,High-Net-Worth Homeowners,3364000,Lima
LOC01803,Nairobi High-Net-Worth #1803,-1.3917,36.8297,Kenya,High-Net-Worth Homeowners,4445000,Nairobi
LOC01804,Kinshasa Business #1804,-4.4249,15.2594,Democratic Republic of the Congo,Business Interruption,10037000,Kinshasa
LOC01805,Hong Kong Commercial #1805,22.2688,114.2916,China,Commercial Property,27148000,Hong Kong
LOC01806,Kinshasa Commercial #1806,-4.4285,15.2379,Democratic Republic of the Congo,Commercial Property,48092000,Kinshasa
LOC01807,Los Angeles Commercial #1807,34.032,-118.1733,United States,Commercial Property,22792000,Los Angeles
LOC01808,Kolkata Marine #1808,22.4318,88.451,India,Marine Cargo,2123000,Kolkata
LOC01809,Kolkata Marine #1809,22.4677,88.2602,India,Marine Cargo,13030000,Kolkata
LOC01810,New York Commercial #1810,40.7996,-74.2291,United States,Commercial Property,23065000,New York
LOC01811,Tokyo Marine #1811,35.5889,139.5972,Japan,Marine Cargo,4030000,Tokyo
LOC01812,Tampa Energy #1812,27.8667,-82.4488,United States,Energy,795478000,Tampa
LOC01813,New Orleans Marine #1813,29.8356,-90.291,United States,Marine Cargo,6239000,New Orleans
LOC01814,Chennai Marine #1814,13.1239,80.2302,India,Marine Cargo,5162000,Chennai
LOC01815,Kaohsiung Marine #1815,22.7922,120.443,Taiwan,Marine Cargo,16095000,Kaohsiung
LOC01816,Manila High-Net-Worth #1816,14.6341,120.986,Philippines,High-Net-Worth Homeowners,1215000,Manila
LOC01817,Johannesburg Commercial #1817,-26.2391,28.2267,South Africa,Commercial Property,29908000,Johannesburg
LOC01818,Lima Commercial #1818,-12.0376,-77.0259,Peru,Commercial Property,33001000,Lima
LOC01819,New York High-Net-Worth #1819,40.6967,-74.0333,United States,High-Net-Worth Homeowners,3042000,New York
LOC01820,London Commercial #1820,51.5175,0.0831,United Kingdom,Commercial Property,9182000,London
LOC01821,Jakarta High-Net-Worth #1821,-5.9786,107.0809,Indonesia,High-Net-Worth Homeowners,1036000,Jakarta
LOC01822,Boston Business #1822,42.2426,-71.0534,United States,Business Interruption,16969000,Boston
LOC01823,Boston Business #1823,42.3062,-71.2049,United States,Business Interruption,14524000,Boston
LOC01824,Kolkata Business #1824,22.598,88.5515,India,Business Interruption,15167000,Kolkata
LOC01825,Puerto Vallarta Commercial #1825,20.6559,-105.3835,Mexico,Commercial Property,84699000,Puerto Vallarta
LOC01826,Kaohsiung Marine #1826,22.6422,120.1215,Taiwan,Marine Cargo,7399000,Kaohsiung
LOC01827,Miami Travel #1827,25.6227,-80.327,United States,Travel,292000,Miami
LOC01828,London Commercial #1828,51.5083,-0.3726,United Kingdom,Commercial Property,32104000,London
LOC01829,Boston High-Net-Worth #1829,42.3545,-71.0166,United States,High-Net-Worth Homeowners,2071000,Boston
LOC01830,Valencia Business #1830,39.559,-0.4403,Spain,Business Interruption,6121000,Valencia
LOC01831,Valparaiso Marine #1831,-33.0594,-71.8224,Chile,Marine Cargo,10098000,Valparaiso
LOC01832,Milan Commercial #1832,45.3997,9.0796,Italy,Commercial Property,29868000,Milan
LOC01833,Milan Energy #1833,45.5138,9.0516,Italy,Energy,69114000,Milan
LOC01834,Acapulco High-Net-Worth #1834,16.9349,-99.8743,Mexico,High-Net-Worth Homeowners,8739000,Acapulco
LOC01835,London Commercial #1835,51.4313,-0.1511,United Kingdom,Commercial Property,29022000,London
LOC01836,San Francisco Commercial #1836,37.8753,-122.4052,United States,Commercial Property,9405000,San Francisco
LOC01837,Puerto Vallarta Business #1837,20.6235,-105.4695,Mexico,Business Interruption,4190000,Puerto Vallarta
LOC01838,Kingston Commercial #1838,17.9037,-76.7937,Jamaica,Commercial Property,8687000,Kingston
LOC01839,Shanghai Business #1839,31.2258,121.4728,China,Business Interruption,75100000,Shanghai
LOC01840,Valencia Marine #1840,39.6621,-0.5357,Spain,Marine Cargo,10047000,Valencia
LOC01841,San Diego Commercial #1841,32.6565,-117.0098,United States,Commercial Property,8357000,San Diego
LOC01842,Shanghai Marine #1842,31.2236,121.4933,China,Marine Cargo,12378000,Shanghai
LOC01843,Tokyo Accident #1843,35.732,139.7743,Japan,Accident & Health,6017000,Tokyo
LOC01844,San Juan High-Net-Worth #1844,18.5697,-66.0074,Puerto Rico,High-Net-Worth Homeowners,12912000,San Juan
LOC01845,London Commercial #1845,51.5334,-0.0728,United Kingdom,Commercial Property,11234000,London
LOC01846,Lagos Marine #1846,6.7434,3.3625,Nigeria,Marine Cargo,6141000,Lagos
LOC01847,Los Angeles High-Net-Worth #1847,34.0518,-118.2368,United States,High-Net-Worth Homeowners,1572000,Los Angeles
LOC01848,Kaohsiung Energy #1848,22.3528,120.2808,Taiwan,Energy,194147000,Kaohsiung
LOC01849,Taipei High-Net-Worth #1849,25.1651,121.6018,Taiwan,High-Net-Worth Homeowners,3102000,Taipei
LOC01850,Manila Commercial #1850,14.5852,120.9678,Philippines,Commercial Property,47513000,Manila
LOC01851,Charleston Commercial #1851,32.7014,-80.184,United States,Commercial Property,15448000,Charleston
LOC01852,Taipei Commercial #1852,24.8714,121.5933,Taiwan,Commercial Property,58624000,Taipei
LOC01853,Sydney Commercial #1853,-33.8689,151.2127,Australia,Commercial Property,147995000,Sydney
LOC01854,Jakarta Business #1854,-6.3769,106.597,Indonesia,Business Interruption,26540000,Jakarta
LOC01855,Kampala Commercial #1855,0.3543,32.6405,Uganda,Commercial Property,26445000,Kampala
LOC01856,Shanghai Marine #1856,31.2142,121.49,China,Marine Cargo,31413000,Shanghai
LOC01857,Puerto Vallarta High-Net-Worth #1857,20.6406,-104.882,Mexico,High-Net-Worth Homeowners,2157000,Puerto Vallarta
LOC01858,Tampa Commercial #1858,27.9881,-82.5333,United States,Commercial Property,24824000,Tampa
LOC01859,Manila Commercial #1859,14.7073,120.6678,Philippines,Commercial Property,51850000,Manila
LOC01860,Charleston Marine #1860,32.8004,-79.9043,United States,Marine Cargo,4350000,Charleston
LOC01861,Houston Energy #1861,29.796,-95.5007,United States,Energy,843275000,Houston
LOC01862,Tokyo Commercial #1862,35.4052,139.8156,Japan,Commercial Property,43650000,Tokyo
LOC01863,New York Business #1863,40.6669,-74.2244,United States,Business Interruption,7181000,New York
LOC01864,Manila Commercial #1864,14.5308,121.0254,Philippines,Commercial Property,10822000,Manila
LOC01865,San Diego High-Net-Worth #1865,32.5979,-116.9281,United States,High-Net-Worth Homeowners,1761000,San Diego
LOC01866,Kinshasa Commercial #1866,-4.5639,15.2781,Democratic Republic of the Congo,Commercial Property,10269000,Kinshasa
LOC01867,Goma High-Net-Worth #1867,-1.6698,29.496,Democratic Republic of the Congo,High-Net-Worth Homeowners,4517000,Goma
LOC01868,Goma Business #1868,-1.7272,29.2561,Democratic Republic of the Congo,Business Interruption,54456000,Goma
LOC01869,Kolkata Commercial #1869,22.6021,88.449,India,Commercial Property,195943000,Kolkata
LOC01870,Kampala Commercial #1870,0.3111,32.6498,Uganda,Commercial Property,36725000,Kampala
LOC01871,Shanghai Business #1871,31.4665,121.4522,China,Business Interruption,31369000,Shanghai
LOC01872,London Commercial #1872,51.5198,-0.1169,United Kingdom,Commercial Property,59975000,London
LOC01873,San Francisco Commercial #1873,38.0483,-122.1092,United States,Commercial Property,10680000,San Francisco
LOC01874,New York Business #1874,40.7387,-74.0488,United States,Business Interruption,45002000,New York
LOC01875,Taipei High-Net-Worth #1875,24.892,121.5506,Taiwan,High-Net-Worth Homeowners,7968000,Taipei
LOC01876,Puerto Vallarta Travel #1876,20.6848,-105.2473,Mexico,Travel,1510000,Puerto Vallarta
LOC01877,Mexico City Commercial #1877,19.1705,-99.2629,Mexico,Commercial Property,24014000,Mexico City
LOC01878,New Orleans Marine #1878,29.9573,-90.0359,United States,Marine Cargo,9449000,New Orleans
LOC01879,New Orleans Marine #1879,29.896,-90.0748,United States,Marine Cargo,10661000,New Orleans
LOC01880,Hamburg Marine #1880,53.5454,9.9685,Germany,Marine Cargo,5165000,Hamburg
LOC01881,Mexico City Commercial #1881,19.3608,-99.1086,Mexico,Commercial Property,25851000,Mexico City
LOC01882,Santiago High-Net-Worth #1882,-33.2758,-70.832,Chile,High-Net-Worth Homeowners,2578000,Santiago
LOC01883,Cabo San Lucas High-Net-Worth #1883,23.1164,-109.8894,Mexico,High-Net-Worth Homeowners,6287000,Cabo San Lucas
LOC01884,Honolulu High-Net-Worth #1884,21.3417,-157.8915,United States,High-Net-Worth Homeowners,7159000,Honolulu
LOC01885,Istanbul Travel #1885,41.0875,28.8995,Türkiye,Travel,760000,Istanbul
LOC01886,Shenzhen High-Net-Worth #1886,22.2804,113.9575,China,High-Net-Worth Homeowners,1646000,Shenzhen
LOC01887,Shanghai Business #1887,31.3297,121.5228,China,Business Interruption,44583000,Shanghai
LOC01888,Mumbai Commercial #1888,19.0706,72.7875,India,Commercial Property,16192000,Mumbai
LOC01889,London Commercial #1889,51.4406,0.1127,United Kingdom,Commercial Property,20156000,London
LOC01890,Bogota Commercial #1890,4.7061,-74.0483,Colombia,Commercial Property,58257000,Bogota
LOC01891,Cancun High-Net-Worth #1891,21.081,-86.8926,Mexico,High-Net-Worth Homeowners,8067000,Cancun
LOC01892,New York High-Net-Worth #1892,40.6324,-73.9521,United States,High-Net-Worth Homeowners,10112000,New York
LOC01893,Surabaya Commercial #1893,-6.9894,112.9283,Indonesia,Commercial Property,43530000,Surabaya
LOC01894,Hamburg Marine #1894,53.6041,9.8546,Germany,Marine Cargo,12956000,Hamburg
LOC01895,New Orleans Marine #1895,29.9688,-90.0675,United States,Marine Cargo,22612000,New Orleans
LOC01896,Charleston Marine #1896,32.7591,-79.9377,United States,Marine Cargo,3257000,Charleston
LOC01897,Milan Commercial #1897,45.4153,9.397,Italy,Commercial Property,21109000,Milan
LOC01898,New Orleans Business #1898,29.9545,-90.1992,United States,Business Interruption,5975000,New Orleans
LOC01899,Nassau Commercial #1899,25.0217,-77.384,Bahamas,Commercial Property,39400000,Nassau
LOC01900,Shanghai Business #1900,31.1912,121.4287,China,Business Interruption,41347000,Shanghai
LOC01901,Istanbul Energy #1901,41.0521,28.9781,Türkiye,Energy,168338000,Istanbul
LOC01902,Los Angeles High-Net-Worth #1902,34.05,-118.2559,United States,High-Net-Worth Homeowners,14142000,Los Angeles
LOC01903,San Diego Marine #1903,32.8975,-116.9371,United States,Marine Cargo,1369000,San Diego
LOC01904,Acapulco High-Net-Worth #1904,17.034,-99.7251,Mexico,High-Net-Worth Homeowners,2225000,Acapulco
LOC01905,Kona / Hilo High-Net-Worth #1905,19.6734,-156.0095,United States,High-Net-Worth Homeowners,3084000,Kona / Hilo
LOC01906,Athens Marine #1906,38.2865,23.4307,Greece,Marine Cargo,12156000,Athens
LOC01907,Acapulco High-Net-Worth #1907,16.8719,-99.998,Mexico,High-Net-Worth Homeowners,1961000,Acapulco
LOC01908,Jakarta Business #1908,-6.1652,106.9061,Indonesia,Business Interruption,18000000,Jakarta
LOC01909,Los Angeles Business #1909,34.0456,-118.2759,United States,Business Interruption,16975000,Los Angeles
LOC01910,New Orleans Business #1910,29.8721,-89.9416,United States,Business Interruption,219745000,New Orleans
LOC01911,London Business #1911,51.3725,-0.1225,United Kingdom,Business Interruption,62716000,London
LOC01912,Shanghai Marine #1912,31.2089,121.4507,China,Marine Cargo,11249000,Shanghai
LOC01913,Lagos Marine #1913,6.4513,3.7742,Nigeria,Marine Cargo,3466000,Lagos
LOC01914,Taipei Commercial #1914,25.0918,121.4022,Taiwan,Commercial Property,33671000,Taipei
LOC01915,Cabo San Lucas Commercial #1915,22.8959,-110.2522,Mexico,Commercial Property,16713000,Cabo San Lucas
LOC01916,Mumbai Business #1916,19.0723,72.9507,India,Business Interruption,27471000,Mumbai
LOC01917,Tokyo Accident #1917,35.7166,139.6455,Japan,Accident & Health,2428000,Tokyo
LOC01918,Jakarta Travel #1918,-6.1062,106.8002,Indonesia,Travel,346000,Jakarta
LOC01919,Manila Commercial #1919,14.6763,120.8661,Philippines,Commercial Property,23462000,Manila
LOC01920,Mumbai Commercial #1920,19.0741,72.9342,India,Commercial Property,12173000,Mumbai
LOC01921,Mumbai Commercial #1921,19.1667,72.8673,India,Commercial Property,12580000,Mumbai
LOC01922,Los Angeles Commercial #1922,34.1003,-118.3427,United States,Commercial Property,39438000,Los Angeles
LOC01923,Shanghai Commercial #1923,31.077,121.5379,China,Commercial Property,29456000,Shanghai
LOC01924,Valparaiso High-Net-Worth #1924,-32.8845,-71.6261,Chile,High-Net-Worth Homeowners,3317000,Valparaiso
LOC01925,Cabo San Lucas Commercial #1925,22.9468,-109.9407,Mexico,Commercial Property,6524000,Cabo San Lucas
LOC01926,Kaohsiung Marine #1926,22.5921,120.3257,Taiwan,Marine Cargo,8621000,Kaohsiung
LOC01927,Shanghai Marine #1927,31.282,121.5484,China,Marine Cargo,5642000,Shanghai
LOC01928,Honolulu Accident #1928,21.3524,-157.9703,United States,Accident & Health,4964000,Honolulu
LOC01929,Jakarta Commercial #1929,-6.0729,106.8031,Indonesia,Commercial Property,17904000,Jakarta
LOC01930,Miami Business #1930,25.857,-80.1647,United States,Business Interruption,13823000,Miami
LOC01931,Manila Business #1931,14.2495,120.9709,Philippines,Business Interruption,8982000,Manila
LOC01932,Shenzhen Business #1932,22.6454,113.9399,China,Business Interruption,10023000,Shenzhen
LOC01933,Nassau High-Net-Worth #1933,24.9642,-77.5973,Bahamas,High-Net-Worth Homeowners,3002000,Nassau
LOC01934,Santiago High-Net-Worth #1934,-33.2952,-70.6214,Chile,High-Net-Worth Homeowners,2990000,Santiago
LOC01935,Rotterdam High-Net-Worth #1935,51.9464,4.34,Netherlands,High-Net-Worth Homeowners,23647000,Rotterdam
LOC01936,Miami Commercial #1936,25.7511,-80.1218,United States,Commercial Property,11245000,Miami
LOC01937,Milan High-Net-Worth #1937,45.1673,9.2187,Italy,High-Net-Worth Homeowners,8352000,Milan
LOC01938,San Francisco Commercial #1938,37.8059,-122.5257,United States,Commercial Property,93197000,San Francisco
LOC01939,Shanghai Commercial #1939,31.2767,121.5233,China,Commercial Property,15483000,Shanghai
LOC01940,Naples FL Commercial #1940,26.1055,-81.7789,United States,Commercial Property,6034000,Naples FL
LOC01941,Cabo San Lucas High-Net-Worth #1941,22.9214,-109.8484,Mexico,High-Net-Worth Homeowners,2979000,Cabo San Lucas
LOC01942,Boston Commercial #1942,42.3905,-71.057,United States,Commercial Property,22176000,Boston
LOC01943,Taipei Commercial #1943,25.0716,121.6361,Taiwan,Commercial Property,33510000,Taipei
LOC01944,Cancun High-Net-Worth #1944,21.1585,-86.8496,Mexico,High-Net-Worth Homeowners,4945000,Cancun
LOC01945,Valparaiso Commercial #1945,-32.8703,-71.5256,Chile,Commercial Property,33032000,Valparaiso
LOC01946,Manila Commercial #1946,14.8328,121.125,Philippines,Commercial Property,3985000,Manila
LOC01947,Los Angeles Business #1947,34.0507,-118.221,United States,Business Interruption,27043000,Los Angeles
LOC01948,Lagos Marine #1948,6.4744,3.2474,Nigeria,Marine Cargo,36754000,Lagos
LOC01949,Kaohsiung Business #1949,22.693,120.3861,Taiwan,Business Interruption,11885000,Kaohsiung
LOC01950,London High-Net-Worth #1950,51.5848,0.0175,United Kingdom,High-Net-Worth Homeowners,2495000,London
LOC01951,Tokyo Commercial #1951,35.5726,139.8898,Japan,Commercial Property,79665000,Tokyo
LOC01952,Jakarta Commercial #1952,-6.1853,106.8599,Indonesia,Commercial Property,58244000,Jakarta
LOC01953,Lagos Marine #1953,6.4322,3.2409,Nigeria,Marine Cargo,3170000,Lagos
LOC01954,Santiago High-Net-Worth #1954,-33.4253,-70.7079,Chile,High-Net-Worth Homeowners,7169000,Santiago
LOC01955,Santiago Business #1955,-33.577,-70.6828,Chile,Business Interruption,8707000,Santiago
LOC01956,Osaka Marine #1956,34.7601,135.4978,Japan,Marine Cargo,36309000,Osaka
LOC01957,Santiago Commercial #1957,-33.3287,-70.6626,Chile,Commercial Property,38552000,Santiago
LOC01958,London Business #1958,51.5082,-0.0475,United Kingdom,Business Interruption,20475000,London
LOC01959,London Travel #1959,51.5701,-0.2455,United Kingdom,Travel,754000,London
LOC01960,Tokyo Accident #1960,35.5411,139.6051,Japan,Accident & Health,3723000,Tokyo
LOC01961,Tokyo Commercial #1961,35.6757,139.6748,Japan,Commercial Property,31413000,Tokyo
LOC01962,Shanghai Business #1962,31.2812,121.4606,China,Business Interruption,15254000,Shanghai
LOC01963,Mumbai High-Net-Worth #1963,19.222,72.8842,India,High-Net-Worth Homeowners,1656000,Mumbai
LOC01964,Sydney Commercial #1964,-33.761,151.121,Australia,Commercial Property,2975000,Sydney
LOC01965,Los Angeles Commercial #1965,34.0791,-118.2056,United States,Commercial Property,13664000,Los Angeles
LOC01966,Boston Commercial #1966,42.3913,-71.0595,United States,Commercial Property,79951000,Boston
LOC01967,Houston Business #1967,29.7494,-95.3818,United States,Business Interruption,27575000,Houston
LOC01968,Santiago Commercial #1968,-33.4934,-70.6414,Chile,Commercial Property,74565000,Santiago
LOC01969,Milan High-Net-Worth #1969,45.4529,9.2138,Italy,High-Net-Worth Homeowners,6830000,Milan
LOC01970,Mexico City Business #1970,19.5675,-99.2708,Mexico,Business Interruption,9323000,Mexico City
LOC01971,Miami High-Net-Worth #1971,25.644,-80.2739,United States,High-Net-Worth Homeowners,4259000,Miami
LOC01972,Mumbai Business #1972,18.9958,72.8557,India,Business Interruption,101319000,Mumbai
LOC01973,Hamburg High-Net-Worth #1973,53.6216,9.9082,Germany,High-Net-Worth Homeowners,22180000,Hamburg
LOC01974,Miami High-Net-Worth #1974,25.7637,-80.2123,United States,High-Net-Worth Homeowners,1936000,Miami
LOC01975,Mexico City Commercial #1975,19.8626,-99.1769,Mexico,Commercial Property,41819000,Mexico City
LOC01976,New Orleans Commercial #1976,29.7985,-90.0278,United States,Commercial Property,16149000,New Orleans
LOC01977,Kinshasa Travel #1977,-4.4232,15.3003,Democratic Republic of the Congo,Travel,950000,Kinshasa
LOC01978,Praia Business #1978,14.8953,-23.7017,Cape Verde,Business Interruption,28304000,Praia
LOC01979,Taipei Commercial #1979,24.9367,121.5313,Taiwan,Commercial Property,51761000,Taipei
LOC01980,Los Angeles Business #1980,34.1384,-118.2234,United States,Business Interruption,29363000,Los Angeles
LOC01981,Acapulco Business #1981,16.7326,-99.7856,Mexico,Business Interruption,11066000,Acapulco
LOC01982,Honolulu Commercial #1982,21.1358,-157.7437,United States,Commercial Property,13674000,Honolulu
LOC01983,Honolulu High-Net-Worth #1983,21.0897,-157.9338,United States,High-Net-Worth Homeowners,12484000,Honolulu
LOC01984,Honolulu High-Net-Worth #1984,21.2194,-157.7794,United States,High-Net-Worth Homeowners,601000,Honolulu
LOC01985,Boston Commercial #1985,42.4622,-71.2721,United States,Commercial Property,24717000,Boston
LOC01986,Miami Commercial #1986,25.8208,-80.3449,United States,Commercial Property,13995000,Miami
LOC01987,Tampa Business #1987,28.1246,-82.7459,United States,Business Interruption,11262000,Tampa
LOC01988,Sydney High-Net-Worth #1988,-33.9058,151.1439,Australia,High-Net-Worth Homeowners,8719000,Sydney
LOC01989,Shanghai Business #1989,31.197,121.5125,China,Business Interruption,35673000,Shanghai
LOC01990,Manzanillo Business #1990,19.012,-104.5539,Mexico,Business Interruption,87610000,Manzanillo
LOC01991,Kingston Marine #1991,17.9571,-76.8471,Jamaica,Marine Cargo,18935000,Kingston
LOC01992,Jakarta Business #1992,-6.0242,106.5899,Indonesia,Business Interruption,8140000,Jakarta
LOC01993,Mumbai Commercial #1993,19.0264,72.8675,India,Commercial Property,8281000,Mumbai
LOC01994,Honolulu Commercial #1994,21.3169,-157.872,United States,Commercial Property,18187000,Honolulu
LOC01995,Maui Commercial #1995,20.6603,-156.4115,United States,Commercial Property,2493000,Maui
LOC01996,Kaohsiung Commercial #1996,22.6393,120.0699,Taiwan,Commercial Property,16409000,Kaohsiung
LOC01997,Hamburg Business #1997,53.5535,9.9999,Germany,Business Interruption,36293000,Hamburg
LOC01998,Milan Business #1998,45.1987,9.2885,Italy,Business Interruption,63826000,Milan
LOC01999,Cabo San Lucas High-Net-Worth #1999,22.8898,-109.9333,Mexico,High-Net-Worth Homeowners,11460000,Cabo San Lucas
LOC02000,New York Commercial #2000,40.6603,-74.0371,United States,Commercial Property,12340000,New York
LOC02001,New Orleans Business #2001,29.9202,-90.3623,United States,Business Interruption,31696000,New Orleans
LOC02002,Tampa Commercial #2002,28.243,-82.3419,United States,Commercial Property,75485000,Tampa
LOC02003,Taipei Travel #2003,25.1166,121.5992,Taiwan,Travel,886000,Taipei
LOC02004,Shenzhen Business #2004,22.7652,114.0773,China,Business Interruption,39651000,Shenzhen
LOC02005,Shenzhen Marine #2005,22.305,114.1005,China,Marine Cargo,15362000,Shenzhen
LOC02006,London Business #2006,51.5061,-0.1192,United Kingdom,Business Interruption,23300000,London
LOC02007,Shanghai Commercial #2007,31.1517,121.563,China,Commercial Property,14731000,Shanghai
LOC02008,Hamburg Commercial #2008,53.6082,10.1888,Germany,Commercial Property,75701000,Hamburg
LOC02009,Acapulco Business #2009,16.9487,-99.8157,Mexico,Business Interruption,4629000,Acapulco
LOC02010,Shenzhen Commercial #2010,22.5888,114.3938,China,Commercial Property,33442000,Shenzhen
LOC02011,Santo Domingo Business #2011,18.4204,-69.9437,Dominican Republic,Business Interruption,46738000,Santo Domingo
LOC02012,Dubai Marine #2012,25.1901,55.3939,United Arab Emirates,Marine Cargo,22637000,Dubai
LOC02013,Jakarta Commercial #2013,-6.2271,106.8564,Indonesia,Commercial Property,79679000,Jakarta
LOC02014,Sydney Commercial #2014,-33.9272,151.4136,Australia,Commercial Property,19073000,Sydney
LOC02015,Rotterdam Commercial #2015,51.9791,4.4788,Netherlands,Commercial Property,13941000,Rotterdam
LOC02016,Jakarta Business #2016,-6.2144,106.8452,Indonesia,Business Interruption,14042000,Jakarta
LOC02017,Concepcion Marine #2017,-36.8108,-73.015,Chile,Marine Cargo,19094000,Concepcion
LOC02018,Shanghai High-Net-Worth #2018,31.258,121.419,China,High-Net-Worth Homeowners,2330000,Shanghai
LOC02019,Milan Commercial #2019,45.7073,9.3358,Italy,Commercial Property,24660000,Milan
LOC02020,Manzanillo Commercial #2020,19.0486,-104.3225,Mexico,Commercial Property,10645000,Manzanillo
LOC02021,Kinshasa Commercial #2021,-4.492,15.4578,Democratic Republic of the Congo,Commercial Property,29849000,Kinshasa
LOC02022,New York Business #2022,40.8072,-74.4759,United States,Business Interruption,18507000,New York
LOC02023,New York Business #2023,40.6755,-74.1321,United States,Business Interruption,9827000,New York
LOC02024,Houston High-Net-Worth #2024,29.7161,-95.5095,United States,High-Net-Worth Homeowners,4666000,Houston
LOC02025,Kona / Hilo High-Net-Worth #2025,19.6884,-156.0461,United States,High-Net-Worth Homeowners,6238000,Kona / Hilo
LOC02026,Lagos Marine #2026,6.6026,3.3909,Nigeria,Marine Cargo,28965000,Lagos
LOC02027,La Paz BCS Marine #2027,24.1445,-110.29,Mexico,Marine Cargo,5717000,La Paz BCS
LOC02028,Surabaya Marine #2028,-7.1943,112.7256,Indonesia,Marine Cargo,7522000,Surabaya
LOC02029,Jakarta Accident #2029,-6.3057,106.6547,Indonesia,Accident & Health,2220000,Jakarta
LOC02030,Goma Business #2030,-1.6561,29.2202,Democratic Republic of the Congo,Business Interruption,12997000,Goma
LOC02031,New Orleans High-Net-Worth #2031,29.9419,-90.0721,United States,High-Net-Worth Homeowners,5355000,New Orleans
LOC02032,Shanghai Commercial #2032,31.391,121.8259,China,Commercial Property,23714000,Shanghai
LOC02033,Houston Energy #2033,29.5247,-95.5627,United States,Energy,858203000,Houston
LOC02034,Istanbul Commercial #2034,41.0034,28.8334,Türkiye,Commercial Property,112403000,Istanbul
LOC02035,Manzanillo Marine #2035,19.0621,-104.2739,Mexico,Marine Cargo,1867000,Manzanillo
LOC02036,Houston Marine #2036,29.7528,-95.3605,United States,Marine Cargo,25403000,Houston
LOC02037,Santiago High-Net-Worth #2037,-33.4533,-70.6583,Chile,High-Net-Worth Homeowners,5136000,Santiago
LOC02038,Miami High-Net-Worth #2038,25.7801,-80.0141,United States,High-Net-Worth Homeowners,7392000,Miami
LOC02039,Los Angeles High-Net-Worth #2039,33.9487,-118.3359,United States,High-Net-Worth Homeowners,2836000,Los Angeles
LOC02040,London Commercial #2040,51.6571,-0.1047,United Kingdom,Commercial Property,36375000,London
LOC02041,San Juan Marine #2041,18.5398,-66.0138,Puerto Rico,Marine Cargo,46245000,San Juan
LOC02042,Hong Kong Business #2042,22.2745,114.0744,China,Business Interruption,8127000,Hong Kong
LOC02043,New York Commercial #2043,40.6891,-74.064,United States,Commercial Property,21036000,New York
LOC02044,Cabo San Lucas High-Net-Worth #2044,22.7508,-109.7673,Mexico,High-Net-Worth Homeowners,18693000,Cabo San Lucas
LOC02045,Mumbai Business #2045,19.3064,72.506,India,Business Interruption,18370000,Mumbai
LOC02046,Concepcion Business #2046,-36.6354,-73.4799,Chile,Business Interruption,26308000,Concepcion
LOC02047,Mexico City Commercial #2047,19.3907,-99.0507,Mexico,Commercial Property,22608000,Mexico City
LOC02048,Shenzhen High-Net-Worth #2048,22.5014,113.9855,China,High-Net-Worth Homeowners,23239000,Shenzhen
LOC02049,Mexico City Commercial #2049,19.4215,-99.0288,Mexico,Commercial Property,6709000,Mexico City
LOC02050,Goma High-Net-Worth #2050,-1.5922,29.2689,Democratic Republic of the Congo,High-Net-Worth Homeowners,3052000,Goma
LOC02051,Tampa Commercial #2051,28.0445,-82.7859,United States,Commercial Property,47707000,Tampa
LOC02052,Puerto Vallarta Business #2052,20.6966,-105.1531,Mexico,Business Interruption,7657000,Puerto Vallarta
LOC02053,San Francisco Commercial #2053,37.855,-122.2977,United States,Commercial Property,20843000,San Francisco
LOC02054,Mazatlan Marine #2054,23.1362,-106.1721,Mexico,Marine Cargo,30209000,Mazatlan
LOC02055,Athens Commercial #2055,37.7444,23.5397,Greece,Commercial Property,26440000,Athens
LOC02056,Nairobi Business #2056,-1.3721,36.5142,Kenya,Business Interruption,11523000,Nairobi
LOC02057,Kaohsiung Marine #2057,22.7962,120.3374,Taiwan,Marine Cargo,20379000,Kaohsiung
LOC02058,Santo Domingo High-Net-Worth #2058,18.4403,-69.9523,Dominican Republic,High-Net-Worth Homeowners,21282000,Santo Domingo
LOC02059,Osaka Business #2059,34.6107,135.3797,Japan,Business Interruption,7416000,Osaka
LOC02060,Surabaya Business #2060,-7.3941,112.6237,Indonesia,Business Interruption,26532000,Surabaya
LOC02061,Milan Commercial #2061,45.4573,8.7707,Italy,Commercial Property,17623000,Milan
LOC02062,Los Angeles Business #2062,34.0409,-118.2785,United States,Business Interruption,5423000,Los Angeles
LOC02063,Manila Commercial #2063,14.7323,120.9705,Philippines,Commercial Property,25593000,Manila
LOC02064,Acapulco High-Net-Worth #2064,16.8515,-99.727,Mexico,High-Net-Worth Homeowners,1629000,Acapulco
LOC02065,Istanbul Commercial #2065,41.0182,28.5287,Türkiye,Commercial Property,17199000,Istanbul
LOC02066,Osaka High-Net-Worth #2066,34.8314,135.368,Japan,High-Net-Worth Homeowners,1437000,Osaka
LOC02067,Charleston High-Net-Worth #2067,32.8302,-79.9283,United States,High-Net-Worth Homeowners,7935000,Charleston
LOC02068,Tokyo Commercial #2068,35.7595,139.7425,Japan,Commercial Property,46747000,Tokyo
LOC02069,Shenzhen Marine #2069,22.6514,114.1381,China,Marine Cargo,1276000,Shenzhen
LOC02070,Johannesburg Business #2070,-26.1332,27.9031,South Africa,Business Interruption,10940000,Johannesburg
LOC02071,New York Commercial #2071,40.6543,-73.9318,United States,Commercial Property,9227000,New York
LOC02072,Mexico City Business #2072,19.3911,-99.1366,Mexico,Business Interruption,25642000,Mexico City
LOC02073,Valparaiso Commercial #2073,-33.054,-71.6196,Chile,Commercial Property,18476000,Valparaiso
LOC02074,Cancun Business #2074,21.1312,-86.7672,Mexico,Business Interruption,13136000,Cancun
LOC02075,Osaka Commercial #2075,34.6715,135.4822,Japan,Commercial Property,23545000,Osaka
LOC02076,New Orleans Marine #2076,29.9174,-90.2856,United States,Marine Cargo,12407000,New Orleans
LOC02077,Puerto Vallarta Business #2077,20.5882,-105.2128,Mexico,Business Interruption,70198000,Puerto Vallarta
LOC02078,Acapulco High-Net-Worth #2078,16.9737,-99.9699,Mexico,High-Net-Worth Homeowners,1870000,Acapulco
LOC02079,New York Business #2079,40.7294,-73.7527,United States,Business Interruption,67621000,New York
LOC02080,Sydney High-Net-Worth #2080,-33.8339,151.2605,Australia,High-Net-Worth Homeowners,8342000,Sydney
LOC02081,London Business #2081,51.5187,-0.1202,United Kingdom,Business Interruption,25471000,London
LOC02082,London High-Net-Worth #2082,51.5362,-0.1625,United Kingdom,High-Net-Worth Homeowners,12982000,London
LOC02083,Sydney Business #2083,-33.8661,150.9045,Australia,Business Interruption,18114000,Sydney
LOC02084,Tokyo Commercial #2084,35.6174,139.8617,Japan,Commercial Property,54942000,Tokyo
LOC02085,Manila Business #2085,14.6009,121.0369,Philippines,Business Interruption,6707000,Manila
LOC02086,Shanghai Energy #2086,31.1499,121.4313,China,Energy,104288000,Shanghai
LOC02087,Los Angeles Commercial #2087,34.0647,-118.2383,United States,Commercial Property,36433000,Los Angeles
LOC02088,Santiago Commercial #2088,-33.685,-70.7647,Chile,Commercial Property,21256000,Santiago
LOC02089,Hong Kong Commercial #2089,22.2897,114.1193,China,Commercial Property,26606000,Hong Kong
LOC02090,New York Commercial #2090,40.7694,-73.9881,United States,Commercial Property,18033000,New York
LOC02091,Athens Commercial #2091,37.8879,23.8759,Greece,Commercial Property,10378000,Athens
LOC02092,Istanbul Commercial #2092,40.8863,29.0288,Türkiye,Commercial Property,40030000,Istanbul
LOC02093,Jakarta Commercial #2093,-6.1585,106.7391,Indonesia,Commercial Property,49240000,Jakarta
LOC02094,Boston Commercial #2094,42.2892,-71.1088,United States,Commercial Property,13380000,Boston
LOC02095,Sydney Business #2095,-33.9198,151.2126,Australia,Business Interruption,33056000,Sydney
LOC02096,New York Commercial #2096,40.6437,-74.0994,United States,Commercial Property,87450000,New York
LOC02097,Santiago Business #2097,-33.6911,-70.5406,Chile,Business Interruption,39319000,Santiago
LOC02098,San Francisco Commercial #2098,37.9544,-122.3429,United States,Commercial Property,25694000,San Francisco
LOC02099,New York Commercial #2099,40.6975,-73.851,United States,Commercial Property,5589000,New York
LOC02100,Mumbai Commercial #2100,18.9087,72.747,India,Commercial Property,28460000,Mumbai
LOC02101,Mumbai Commercial #2101,18.9886,72.9948,India,Commercial Property,34177000,Mumbai
LOC02102,Houston Commercial #2102,29.6364,-95.3983,United States,Commercial Property,78201000,Houston
LOC02103,Tampa Commercial #2103,27.9429,-82.4589,United States,Commercial Property,15596000,Tampa
LOC02104,Naples FL Business #2104,26.1821,-81.9384,United States,Business Interruption,4996000,Naples FL
LOC02105,Rotterdam Commercial #2105,51.7693,4.6269,Netherlands,Commercial Property,17737000,Rotterdam
LOC02106,Puerto Vallarta Accident #2106,20.5102,-105.0225,Mexico,Accident & Health,3125000,Puerto Vallarta
LOC02107,New York Business #2107,40.7037,-74.0126,United States,Business Interruption,7459000,New York
LOC02108,Kampala Commercial #2108,0.4149,32.63,Uganda,Commercial Property,26020000,Kampala
LOC02109,San Francisco Commercial #2109,38.2637,-122.5901,United States,Commercial Property,50160000,San Francisco
LOC02110,Kona / Hilo Commercial #2110,19.5132,-155.8732,United States,Commercial Property,19358000,Kona / Hilo
LOC02111,New Orleans High-Net-Worth #2111,29.9486,-90.0294,United States,High-Net-Worth Homeowners,20679000,New Orleans
LOC02112,Cabo San Lucas Business #2112,22.8106,-110.0489,Mexico,Business Interruption,19776000,Cabo San Lucas
LOC02113,Tokyo High-Net-Worth #2113,35.75,139.606,Japan,High-Net-Worth Homeowners,2450000,Tokyo
LOC02114,Osaka Business #2114,34.7162,135.4947,Japan,Business Interruption,11909000,Osaka
LOC02115,Charleston Marine #2115,32.8572,-79.6165,United States,Marine Cargo,4140000,Charleston
LOC02116,San Diego Marine #2116,32.7213,-117.1503,United States,Marine Cargo,31026000,San Diego
LOC02117,Osaka Commercial #2117,34.6721,135.5184,Japan,Commercial Property,9618000,Osaka
LOC02118,Manila Business #2118,14.5255,121.0424,Philippines,Business Interruption,27954000,Manila
LOC02119,Miami Commercial #2119,25.8021,-80.1528,United States,Commercial Property,15586000,Miami
LOC02120,New York High-Net-Worth #2120,40.7203,-74.2926,United States,High-Net-Worth Homeowners,1971000,New York
LOC02121,Shanghai Commercial #2121,31.0809,121.5555,China,Commercial Property,88639000,Shanghai
LOC02122,Tampa Marine #2122,27.9799,-82.591,United States,Marine Cargo,15199000,Tampa
LOC02123,Los Angeles Commercial #2123,34.0575,-118.189,United States,Commercial Property,61850000,Los Angeles
LOC02124,Concepcion Energy #2124,-36.8209,-73.0068,Chile,Energy,749047000,Concepcion
LOC02125,Lagos High-Net-Worth #2125,6.1357,3.1291,Nigeria,High-Net-Worth Homeowners,3141000,Lagos
LOC02126,Puerto Vallarta High-Net-Worth #2126,20.7668,-105.0963,Mexico,High-Net-Worth Homeowners,2282000,Puerto Vallarta
LOC02127,Shenzhen Commercial #2127,22.5183,114.0626,China,Commercial Property,22362000,Shenzhen
LOC02128,Houston Business #2128,29.8886,-95.8147,United States,Business Interruption,7037000,Houston
LOC02129,San Francisco Accident #2129,37.7615,-122.3868,United States,Accident & Health,2579000,San Francisco
LOC02130,Miami Commercial #2130,25.7437,-80.2145,United States,Commercial Property,21397000,Miami
LOC02131,Cabo San Lucas Business #2131,22.8215,-109.9595,Mexico,Business Interruption,37165000,Cabo San Lucas
LOC02132,Lima Commercial #2132,-11.7458,-77.1758,Peru,Commercial Property,40729000,Lima
LOC02133,Johannesburg Commercial #2133,-26.3304,27.9561,South Africa,Commercial Property,24976000,Johannesburg
LOC02134,Cancun Business #2134,21.0702,-86.5428,Mexico,Business Interruption,30176000,Cancun
LOC02135,Maui High-Net-Worth #2135,20.766,-156.364,United States,High-Net-Worth Homeowners,2674000,Maui
LOC02136,Tokyo Commercial #2136,35.6891,139.5836,Japan,Commercial Property,51304000,Tokyo
LOC02137,Valparaiso Marine #2137,-33.0911,-71.7033,Chile,Marine Cargo,12959000,Valparaiso
LOC02138,Shenzhen Marine #2138,22.538,114.0503,China,Marine Cargo,16539000,Shenzhen
LOC02139,Shenzhen Commercial #2139,22.5019,114.0478,China,Commercial Property,36511000,Shenzhen
LOC02140,Houston Commercial #2140,29.8232,-95.1851,United States,Commercial Property,10184000,Houston
LOC02141,Lagos Marine #2141,6.3873,3.158,Nigeria,Marine Cargo,10763000,Lagos
LOC02142,Los Angeles Commercial #2142,34.0327,-118.186,United States,Commercial Property,18228000,Los Angeles
LOC02143,Acapulco Commercial #2143,16.8512,-99.8762,Mexico,Commercial Property,80281000,Acapulco
LOC02144,Lagos Marine #2144,6.4017,3.4363,Nigeria,Marine Cargo,27142000,Lagos
LOC02145,Chennai Commercial #2145,13.0628,80.2643,India,Commercial Property,12298000,Chennai
LOC02146,Houston Energy #2146,29.8334,-95.3694,United States,Energy,180135000,Houston
LOC02147,New Orleans Marine #2147,29.9657,-90.057,United States,Marine Cargo,22463000,New Orleans
LOC02148,Santiago High-Net-Worth #2148,-33.5549,-70.6733,Chile,High-Net-Worth Homeowners,6976000,Santiago
LOC02149,San Diego Marine #2149,32.7129,-117.1601,United States,Marine Cargo,27435000,San Diego
LOC02150,Kaohsiung Marine #2150,22.546,120.2465,Taiwan,Marine Cargo,14130000,Kaohsiung
LOC02151,Houston Business #2151,29.7433,-95.422,United States,Business Interruption,42732000,Houston
LOC02152,Dubai Travel #2152,25.1743,55.2544,United Arab Emirates,Travel,328000,Dubai
LOC02153,London High-Net-Worth #2153,51.5044,-0.1255,United Kingdom,High-Net-Worth Homeowners,3052000,London
LOC02154,San Francisco Commercial #2154,37.7667,-122.4752,United States,Commercial Property,9956000,San Francisco
LOC02155,Los Angeles Commercial #2155,34.2058,-118.3103,United States,Commercial Property,66244000,Los Angeles
LOC02156,Tokyo Commercial #2156,35.733,139.6583,Japan,Commercial Property,54399000,Tokyo
LOC02157,London Commercial #2157,51.4524,-0.2348,United Kingdom,Commercial Property,18090000,London
LOC02158,La Paz BCS Commercial #2158,24.1978,-110.3077,Mexico,Commercial Property,18692000,La Paz BCS
LOC02159,Cancun High-Net-Worth #2159,21.204,-86.8092,Mexico,High-Net-Worth Homeowners,7147000,Cancun
LOC02160,San Francisco Commercial #2160,37.7871,-122.466,United States,Commercial Property,41397000,San Francisco
LOC02161,Istanbul Marine #2161,40.961,29.1283,Türkiye,Marine Cargo,10670000,Istanbul
LOC02162,Tampa Commercial #2162,27.8749,-82.4751,United States,Commercial Property,13304000,Tampa
LOC02163,Bogota Marine #2163,4.6998,-74.0798,Colombia,Marine Cargo,1462000,Bogota
LOC02164,New York High-Net-Worth #2164,40.7498,-74.1108,United States,High-Net-Worth Homeowners,6022000,New York
LOC02165,Cabo San Lucas High-Net-Worth #2165,22.9204,-109.8851,Mexico,High-Net-Worth Homeowners,3906000,Cabo San Lucas
LOC02166,Mexico City Business #2166,19.4087,-99.1773,Mexico,Business Interruption,4750000,Mexico City
LOC02167,Naples FL Business #2167,26.0878,-81.7374,United States,Business Interruption,6037000,Naples FL
LOC02168,Boston Commercial #2168,42.3226,-71.0194,United States,Commercial Property,185702000,Boston
LOC02169,Milan Commercial #2169,45.4583,9.2885,Italy,Commercial Property,47377000,Milan
LOC02170,Johannesburg Marine #2170,-26.285,28.2077,South Africa,Marine Cargo,5218000,Johannesburg
LOC02171,Valencia Business #2171,39.3651,-0.2439,Spain,Business Interruption,51241000,Valencia
LOC02172,Houston Commercial #2172,29.665,-95.155,United States,Commercial Property,4984000,Houston
LOC02173,Shenzhen Marine #2173,22.5541,114.0667,China,Marine Cargo,17236000,Shenzhen
LOC02174,San Diego High-Net-Worth #2174,33.1847,-116.9995,United States,High-Net-Worth Homeowners,9738000,San Diego
LOC02175,Charleston Marine #2175,32.7333,-79.8753,United States,Marine Cargo,13602000,Charleston
LOC02176,Kolkata Marine #2176,22.4695,88.4789,India,Marine Cargo,15060000,Kolkata
LOC02177,Honolulu Business #2177,21.3654,-157.9539,United States,Business Interruption,16713000,Honolulu
LOC02178,San Francisco Business #2178,37.6502,-122.6488,United States,Business Interruption,23470000,San Francisco
LOC02179,Kampala Commercial #2179,0.2654,32.6244,Uganda,Commercial Property,18951000,Kampala
LOC02180,Dubai Commercial #2180,25.0961,55.5756,United Arab Emirates,Commercial Property,14737000,Dubai
LOC02181,Kampala High-Net-Worth #2181,0.3591,32.5792,Uganda,High-Net-Worth Homeowners,4712000,Kampala
LOC02182,Shanghai High-Net-Worth #2182,31.2358,121.3319,China,High-Net-Worth Homeowners,2859000,Shanghai
LOC02183,Osaka Commercial #2183,34.6864,135.4926,Japan,Commercial Property,18077000,Osaka
LOC02184,New Orleans Marine #2184,29.9466,-90.0662,United States,Marine Cargo,13013000,New Orleans
LOC02185,Hong Kong Business #2185,22.3685,114.2076,China,Business Interruption,41890000,Hong Kong
LOC02186,Kampala Business #2186,0.3461,32.5902,Uganda,Business Interruption,8466000,Kampala
LOC02187,Acapulco Travel #2187,16.9746,-99.7393,Mexico,Travel,1280000,Acapulco
LOC02188,Houston Commercial #2188,29.5808,-95.236,United States,Commercial Property,15167000,Houston
LOC02189,Shanghai High-Net-Worth #2189,31.0459,121.3233,China,High-Net-Worth Homeowners,11600000,Shanghai
LOC02190,Santo Domingo Business #2190,18.3611,-69.9707,Dominican Republic,Business Interruption,69985000,Santo Domingo
LOC02191,Osaka Marine #2191,34.7299,135.4892,Japan,Marine Cargo,1703000,Osaka
LOC02192,Athens Marine #2192,37.8624,23.7296,Greece,Marine Cargo,12062000,Athens
LOC02193,Acapulco High-Net-Worth #2193,16.8501,-99.899,Mexico,High-Net-Worth Homeowners,13455000,Acapulco
LOC02194,Shenzhen Marine #2194,22.4473,114.0959,China,Marine Cargo,7979000,Shenzhen
LOC02195,Nairobi Commercial #2195,-1.0786,36.6692,Kenya,Commercial Property,45736000,Nairobi
LOC02196,Milan Business #2196,45.4557,9.2177,Italy,Business Interruption,11939000,Milan
LOC02197,Los Angeles Commercial #2197,34.1144,-118.1514,United States,Commercial Property,23078000,Los Angeles
LOC02198,Milan Commercial #2198,45.3933,9.2694,Italy,Commercial Property,6287000,Milan
LOC02199,Honolulu High-Net-Worth #2199,21.3615,-157.8053,United States,High-Net-Worth Homeowners,2808000,Honolulu
LOC02200,New York Commercial #2200,40.7133,-74.0692,United States,Commercial Property,76592000,New York
LOC02201,Hong Kong High-Net-Worth #2201,22.4471,114.32,China,High-Net-Worth Homeowners,6811000,Hong Kong
LOC02202,New York Commercial #2202,40.3851,-74.1659,United States,Commercial Property,36628000,New York
LOC02203,Sydney Commercial #2203,-33.6952,151.1657,Australia,Commercial Property,41315000,Sydney
LOC02204,San Francisco Commercial #2204,37.8432,-122.3509,United States,Commercial Property,87704000,San Francisco
LOC02205,New York Business #2205,40.7021,-73.9677,United States,Business Interruption,124210000,New York
LOC02206,New York Commercial #2206,40.7563,-74.0145,United States,Commercial Property,7580000,New York
LOC02207,Kampala Commercial #2207,0.202,32.5984,Uganda,Commercial Property,79894000,Kampala
LOC02208,San Juan High-Net-Worth #2208,18.5291,-66.2255,Puerto Rico,High-Net-Worth Homeowners,1003000,San Juan
LOC02209,Johannesburg High-Net-Worth #2209,-26.1943,28.2208,South Africa,High-Net-Worth Homeowners,3009000,Johannesburg
LOC02210,Charleston Marine #2210,32.7181,-80.0332,United States,Marine Cargo,19938000,Charleston
LOC02211,New York Energy #2211,40.8867,-73.9705,United States,Energy,79446000,New York
LOC02212,Miami High-Net-Worth #2212,25.7124,-80.0227,United States,High-Net-Worth Homeowners,16853000,Miami
LOC02213,Mexico City Business #2213,19.573,-99.2473,Mexico,Business Interruption,14391000,Mexico City
LOC02214,Johannesburg Commercial #2214,-26.056,28.024,South Africa,Commercial Property,119023000,Johannesburg
LOC02215,Lagos High-Net-Worth #2215,6.5819,3.4766,Nigeria,High-Net-Worth Homeowners,11617000,Lagos
LOC02216,Puerto Vallarta Commercial #2216,20.6766,-105.1933,Mexico,Commercial Property,36523000,Puerto Vallarta
LOC02217,Manila Commercial #2217,14.6004,120.9801,Philippines,Commercial Property,4958000,Manila
LOC02218,San Francisco Commercial #2218,37.6346,-122.5897,United States,Commercial Property,54860000,San Francisco
LOC02219,New York Travel #2219,40.681,-73.827,United States,Travel,389000,New York
LOC02220,Puerto Vallarta High-Net-Worth #2220,20.6971,-105.2746,Mexico,High-Net-Worth Homeowners,3989000,Puerto Vallarta
LOC02221,Cabo San Lucas High-Net-Worth #2221,22.9545,-109.7259,Mexico,High-Net-Worth Homeowners,2981000,Cabo San Lucas
LOC02222,Taipei High-Net-Worth #2222,25.1278,121.8786,Taiwan,High-Net-Worth Homeowners,617000,Taipei
LOC02223,Houston Business #2223,29.9581,-95.5086,United States,Business Interruption,32004000,Houston
LOC02224,Puerto Vallarta Commercial #2224,20.6393,-105.4212,Mexico,Commercial Property,49439000,Puerto Vallarta
LOC02225,Naha Okinawa Business #2225,26.2373,127.5639,Japan,Business Interruption,32512000,Naha Okinawa
LOC02226,London High-Net-Worth #2226,51.4964,-0.3945,United Kingdom,High-Net-Worth Homeowners,2378000,London
LOC02227,Naha Okinawa Commercial #2227,26.2708,127.4245,Japan,Commercial Property,116404000,Naha Okinawa
LOC02228,Mumbai Commercial #2228,19.085,72.8777,India,Commercial Property,67106000,Mumbai
LOC02229,Cabo San Lucas High-Net-Worth #2229,22.7932,-109.9301,Mexico,High-Net-Worth Homeowners,3560000,Cabo San Lucas
LOC02230,Shenzhen Business #2230,22.5543,113.9668,China,Business Interruption,12524000,Shenzhen
LOC02231,Dubai High-Net-Worth #2231,25.455,55.2328,United Arab Emirates,High-Net-Worth Homeowners,9819000,Dubai
LOC02232,Los Angeles Commercial #2232,34.0487,-118.2408,United States,Commercial Property,31688000,Los Angeles
LOC02233,Miami Commercial #2233,25.8496,-80.4351,United States,Commercial Property,29282000,Miami
LOC02234,Rotterdam Commercial #2234,52.034,4.5175,Netherlands,Commercial Property,131828000,Rotterdam
LOC02235,Kaohsiung Marine #2235,22.7149,120.3346,Taiwan,Marine Cargo,7385000,Kaohsiung
LOC02236,Manila Business #2236,14.5778,121.1169,Philippines,Business Interruption,19870000,Manila
LOC02237,Tampa Energy #2237,27.8368,-82.5129,United States,Energy,173341000,Tampa
LOC02238,Maui Commercial #2238,20.8871,-156.4159,United States,Commercial Property,26920000,Maui
LOC02239,Kaohsiung Marine #2239,22.5807,120.2799,Taiwan,Marine Cargo,9743000,Kaohsiung
LOC02240,Miami High-Net-Worth #2240,25.5239,-80.303,United States,High-Net-Worth Homeowners,6448000,Miami
LOC02241,San Juan High-Net-Worth #2241,18.5279,-65.8859,Puerto Rico,High-Net-Worth Homeowners,12963000,San Juan
LOC02242,Miami High-Net-Worth #2242,25.7114,-80.1359,United States,High-Net-Worth Homeowners,2441000,Miami
LOC02243,Hong Kong Commercial #2243,22.2151,114.0409,China,Commercial Property,83647000,Hong Kong
LOC02244,Los Angeles Commercial #2244,34.0725,-118.3257,United States,Commercial Property,12311000,Los Angeles
LOC02245,Shanghai Commercial #2245,31.2202,121.4547,China,Commercial Property,9936000,Shanghai
LOC02246,Athens Commercial #2246,38.015,23.6859,Greece,Commercial Property,16316000,Athens
LOC02247,Mazatlan Commercial #2247,23.2631,-106.4083,Mexico,Commercial Property,12387000,Mazatlan
LOC02248,Osaka Business #2248,34.7747,135.5669,Japan,Business Interruption,61753000,Osaka
LOC02249,Taipei Business #2249,25.3962,121.2778,Taiwan,Business Interruption,17045000,Taipei
LOC02250,Lagos Commercial #2250,6.3505,3.3228,Nigeria,Commercial Property,27582000,Lagos
LOC02251,Tokyo Business #2251,35.9332,139.8342,Japan,Business Interruption,5120000,Tokyo
LOC02252,Kaohsiung Energy #2252,22.6293,120.3754,Taiwan,Energy,58024000,Kaohsiung
LOC02253,Kolkata High-Net-Worth #2253,22.6121,88.542,India,High-Net-Worth Homeowners,1559000,Kolkata
LOC02254,San Francisco Commercial #2254,37.7674,-122.4374,United States,Commercial Property,55506000,San Francisco
LOC02255,Jakarta Commercial #2255,-6.1815,106.828,Indonesia,Commercial Property,11148000,Jakarta
LOC02256,London Commercial #2256,51.4666,-0.0274,United Kingdom,Commercial Property,19615000,London
LOC02257,Cancun Accident #2257,21.1704,-86.8058,Mexico,Accident & Health,905000,Cancun
LOC02258,London Energy #2258,51.3477,0.2447,United Kingdom,Energy,48060000,London
LOC02259,Cabo San Lucas High-Net-Worth #2259,22.9347,-109.8745,Mexico,High-Net-Worth Homeowners,2018000,Cabo San Lucas
LOC02260,Visakhapatnam Business #2260,17.7046,83.2364,India,Business Interruption,27814000,Visakhapatnam
LOC02261,Tampa Business #2261,28.0138,-82.6798,United States,Business Interruption,37950000,Tampa
LOC02262,Cancun Business #2262,21.0225,-86.9291,Mexico,Business Interruption,11236000,Cancun
LOC02263,New York Business #2263,40.8094,-74.2931,United States,Business Interruption,15445000,New York
LOC02264,New York Marine #2264,40.7037,-74.0108,United States,Marine Cargo,15858000,New York
LOC02265,Hong Kong Commercial #2265,22.328,114.1714,China,Commercial Property,68421000,Hong Kong
LOC02266,Johannesburg Accident #2266,-26.2812,28.159,South Africa,Accident & Health,2531000,Johannesburg
LOC02267,Mexico City Business #2267,19.4416,-99.1302,Mexico,Business Interruption,8810000,Mexico City
LOC02268,Tampa Business #2268,27.9354,-82.4548,United States,Business Interruption,32239000,Tampa
LOC02269,Mexico City Accident #2269,19.4308,-99.1304,Mexico,Accident & Health,2026000,Mexico City
LOC02270,Miami High-Net-Worth #2270,25.9862,-80.1009,United States,High-Net-Worth Homeowners,8650000,Miami
LOC02271,Cancun Marine #2271,20.8359,-86.7413,Mexico,Marine Cargo,19281000,Cancun
LOC02272,Istanbul Commercial #2272,41.0149,28.9819,Türkiye,Commercial Property,25364000,Istanbul
LOC02273,Boston Business #2273,42.3816,-70.996,United States,Business Interruption,31195000,Boston
LOC02274,Boston Business #2274,42.3654,-70.9872,United States,Business Interruption,21742000,Boston
LOC02275,Honolulu Commercial #2275,21.3316,-158.0391,United States,Commercial Property,6383000,Honolulu
LOC02276,Manzanillo High-Net-Worth #2276,18.9022,-104.4022,Mexico,High-Net-Worth Homeowners,1104000,Manzanillo
LOC02277,San Francisco High-Net-Worth #2277,37.6505,-122.4657,United States,High-Net-Worth Homeowners,1437000,San Francisco
LOC02278,Tokyo Business #2278,35.6865,139.8213,Japan,Business Interruption,67724000,Tokyo
LOC02279,Boston Accident #2279,42.3486,-70.9928,United States,Accident & Health,748000,Boston
LOC02280,Maui Commercial #2280,21.04,-156.3681,United States,Commercial Property,45728000,Maui
LOC02281,Tokyo Commercial #2281,35.9458,139.6695,Japan,Commercial Property,20808000,Tokyo
LOC02282,Kinshasa High-Net-Worth #2282,-4.1969,15.0518,Democratic Republic of the Congo,High-Net-Worth Homeowners,3892000,Kinshasa
LOC02283,Praia High-Net-Worth #2283,15.0219,-23.5503,Cape Verde,High-Net-Worth Homeowners,4707000,Praia
LOC02284,Shenzhen Energy #2284,22.1964,114.0419,China,Energy,74745000,Shenzhen
LOC02285,Sydney Commercial #2285,-33.8382,151.137,Australia,Commercial Property,17544000,Sydney
LOC02286,Puerto Vallarta High-Net-Worth #2286,20.6981,-105.2414,Mexico,High-Net-Worth Homeowners,2017000,Puerto Vallarta
LOC02287,Tampa Business #2287,27.9545,-82.4602,United States,Business Interruption,31424000,Tampa
LOC02288,Jakarta Commercial #2288,-6.2166,107.033,Indonesia,Commercial Property,11067000,Jakarta
LOC02289,Praia Business #2289,15.0071,-23.2867,Cape Verde,Business Interruption,14164000,Praia
LOC02290,La Paz BCS Commercial #2290,24.143,-109.9975,Mexico,Commercial Property,14431000,La Paz BCS
LOC02291,Mumbai High-Net-Worth #2291,19.0837,72.7575,India,High-Net-Worth Homeowners,2510000,Mumbai
LOC02292,Tokyo Business #2292,35.683,139.6711,Japan,Business Interruption,25668000,Tokyo
LOC02293,Miami Commercial #2293,25.6002,-80.1932,United States,Commercial Property,45816000,Miami
LOC02294,New York Commercial #2294,40.4796,-74.3124,United States,Commercial Property,23333000,New York
LOC02295,Osaka Commercial #2295,34.5111,135.6179,Japan,Commercial Property,74888000,Osaka
LOC02296,Manila High-Net-Worth #2296,14.6217,121.0199,Philippines,High-Net-Worth Homeowners,5573000,Manila
LOC02297,Manila Commercial #2297,14.5607,120.8443,Philippines,Commercial Property,5153000,Manila
LOC02298,Honolulu Travel #2298,21.2549,-158.3258,United States,Travel,475000,Honolulu
LOC02299,Kolkata Commercial #2299,22.3865,88.2729,India,Commercial Property,22012000,Kolkata
LOC02300,Osaka Business #2300,34.7446,135.4254,Japan,Business Interruption,18156000,Osaka
LOC02301,Mumbai Commercial #2301,19.0823,72.9087,India,Commercial Property,17914000,Mumbai
LOC02302,Miami High-Net-Worth #2302,25.568,-80.3018,United States,High-Net-Worth Homeowners,3044000,Miami
LOC02303,Izmir Marine #2303,38.5034,27.037,Türkiye,Marine Cargo,6621000,Izmir
LOC02304,New York High-Net-Worth #2304,40.6226,-74.0875,United States,High-Net-Worth Homeowners,7537000,New York
LOC02305,Nassau Commercial #2305,25.2631,-77.2511,Bahamas,Commercial Property,49487000,Nassau
LOC02306,San Juan Accident #2306,18.5535,-66.1811,Puerto Rico,Accident & Health,2363000,San Juan
LOC02307,Nairobi Business #2307,-1.335,36.759,Kenya,Business Interruption,3757000,Nairobi
LOC02308,Houston Marine #2308,29.7573,-95.3801,United States,Marine Cargo,16684000,Houston
LOC02309,Hong Kong Commercial #2309,22.1289,114.238,China,Commercial Property,3914000,Hong Kong
LOC02310,Manila High-Net-Worth #2310,14.4928,121.1982,Philippines,High-Net-Worth Homeowners,4003000,Manila
LOC02311,Tokyo Marine #2311,35.6192,139.6895,Japan,Marine Cargo,6817000,Tokyo
LOC02312,Kingston Marine #2312,17.9791,-76.786,Jamaica,Marine Cargo,24853000,Kingston
LOC02313,Acapulco Commercial #2313,16.88,-100.1892,Mexico,Commercial Property,9270000,Acapulco
LOC02314,Cabo San Lucas Travel #2314,22.751,-109.841,Mexico,Travel,215000,Cabo San Lucas
LOC02315,London Business #2315,51.5404,-0.1608,United Kingdom,Business Interruption,19066000,London
LOC02316,San Francisco High-Net-Worth #2316,37.6208,-121.8435,United States,High-Net-Worth Homeowners,13668000,San Francisco
LOC02317,Honolulu Commercial #2317,21.3182,-157.8617,United States,Commercial Property,20074000,Honolulu
LOC02318,Acapulco Accident #2318,17.002,-99.8522,Mexico,Accident & Health,2680000,Acapulco
LOC02319,New York Commercial #2319,40.577,-73.774,United States,Commercial Property,14078000,New York
LOC02320,Rotterdam Marine #2320,52.124,4.1675,Netherlands,Marine Cargo,12540000,Rotterdam
LOC02321,San Francisco Commercial #2321,37.9232,-122.5522,United States,Commercial Property,14439000,San Francisco
LOC02322,Miami Commercial #2322,25.635,-80.2539,United States,Commercial Property,23387000,Miami
LOC02323,Houston Energy #2323,29.5593,-95.5099,United States,Energy,239707000,Houston
LOC02324,Concepcion High-Net-Worth #2324,-37.1018,-73.1099,Chile,High-Net-Worth Homeowners,5074000,Concepcion
LOC02325,Hong Kong Business #2325,22.2672,114.1413,China,Business Interruption,29219000,Hong Kong
LOC02326,Hong Kong Commercial #2326,22.3218,114.1721,China,Commercial Property,36297000,Hong Kong
LOC02327,Mumbai Business #2327,19.0379,72.7817,India,Business Interruption,9574000,Mumbai
LOC02328,Hong Kong Commercial #2328,22.1908,114.1907,China,Commercial Property,18539000,Hong Kong
LOC02329,Cabo San Lucas Business #2329,22.8247,-109.8019,Mexico,Business Interruption,25607000,Cabo San Lucas
LOC02330,Hamburg Commercial #2330,53.6617,9.6458,Germany,Commercial Property,9813000,Hamburg
LOC02331,Osaka Marine #2331,34.706,135.4905,Japan,Marine Cargo,5942000,Osaka
LOC02332,Tokyo Commercial #2332,35.8125,139.8972,Japan,Commercial Property,10667000,Tokyo
LOC02333,San Juan High-Net-Worth #2333,18.5986,-65.8405,Puerto Rico,High-Net-Worth Homeowners,3899000,San Juan
LOC02334,Manila High-Net-Worth #2334,14.7801,120.991,Philippines,High-Net-Worth Homeowners,3647000,Manila
LOC02335,Shanghai Commercial #2335,31.3018,121.6006,China,Commercial Property,17605000,Shanghai
LOC02336,Lagos Business #2336,6.5117,3.4072,Nigeria,Business Interruption,15345000,Lagos
LOC02337,Shanghai Commercial #2337,31.0577,121.6902,China,Commercial Property,31181000,Shanghai
LOC02338,Tokyo Commercial #2338,35.7204,139.7477,Japan,Commercial Property,144834000,Tokyo
LOC02339,Hong Kong Business #2339,22.4699,114.0286,China,Business Interruption,17413000,Hong Kong
LOC02340,London Commercial #2340,51.3452,-0.0441,United Kingdom,Commercial Property,34461000,London
LOC02341,Miami Travel #2341,25.9579,-80.2045,United States,Travel,529000,Miami
LOC02342,Los Angeles Business #2342,34.0761,-118.1763,United States,Business Interruption,3754000,Los Angeles
LOC02343,New York Marine #2343,40.6301,-73.9086,United States,Marine Cargo,13392000,New York
LOC02344,Shanghai Business #2344,31.2103,121.4905,China,Business Interruption,27347000,Shanghai
LOC02345,Hong Kong Marine #2345,22.202,114.0479,China,Marine Cargo,2735000,Hong Kong
LOC02346,Charleston Commercial #2346,32.7607,-80.0439,United States,Commercial Property,16899000,Charleston
LOC02347,Rotterdam Commercial #2347,51.8669,4.3526,Netherlands,Commercial Property,34418000,Rotterdam
LOC02348,Tokyo Commercial #2348,35.6929,139.6777,Japan,Commercial Property,15011000,Tokyo
LOC02349,Visakhapatnam Commercial #2349,17.5321,83.2845,India,Commercial Property,40596000,Visakhapatnam
LOC02350,Charleston Marine #2350,32.7943,-79.8123,United States,Marine Cargo,9788000,Charleston
LOC02351,Tokyo Commercial #2351,35.6067,139.7092,Japan,Commercial Property,37334000,Tokyo
LOC02352,Miami Business #2352,25.588,-80.393,United States,Business Interruption,4959000,Miami
LOC02353,New York Business #2353,40.765,-73.9171,United States,Business Interruption,14200000,New York
LOC02354,New York Commercial #2354,40.7405,-73.9765,United States,Commercial Property,10380000,New York
LOC02355,Rotterdam Commercial #2355,51.9039,4.4737,Netherlands,Commercial Property,49472000,Rotterdam
LOC02356,Puerto Vallarta High-Net-Worth #2356,20.9704,-105.0411,Mexico,High-Net-Worth Homeowners,2509000,Puerto Vallarta
LOC02357,London Commercial #2357,51.7616,-0.304,United Kingdom,Commercial Property,24559000,London
LOC02358,Jakarta High-Net-Worth #2358,-6.1094,106.9692,Indonesia,High-Net-Worth Homeowners,5640000,Jakarta
LOC02359,Kaohsiung Business #2359,22.7049,120.3671,Taiwan,Business Interruption,21779000,Kaohsiung
LOC02360,Milan High-Net-Worth #2360,45.4324,8.9966,Italy,High-Net-Worth Homeowners,5526000,Milan
LOC02361,Tampa Energy #2361,28.0819,-82.4951,United States,Energy,95016000,Tampa
LOC02362,Shenzhen High-Net-Worth #2362,22.6377,114.2295,China,High-Net-Worth Homeowners,39472000,Shenzhen
LOC02363,Praia Commercial #2363,15.2629,-23.5819,Cape Verde,Commercial Property,19851000,Praia
LOC02364,San Juan Business #2364,18.4939,-66.0795,Puerto Rico,Business Interruption,5804000,San Juan
LOC02365,Tokyo High-Net-Worth #2365,35.699,139.9381,Japan,High-Net-Worth Homeowners,581000,Tokyo
LOC02366,Cabo San Lucas Marine #2366,22.9764,-110.1531,Mexico,Marine Cargo,2871000,Cabo San Lucas
LOC02367,Mexico City Business #2367,19.4335,-99.1224,Mexico,Business Interruption,16606000,Mexico City
LOC02368,Manila Business #2368,14.5513,120.8524,Philippines,Business Interruption,24656000,Manila
LOC02369,Sydney Commercial #2369,-33.7028,150.9441,Australia,Commercial Property,3559000,Sydney
LOC02370,Houston High-Net-Worth #2370,29.9273,-95.5715,United States,High-Net-Worth Homeowners,3399000,Houston
LOC02371,Acapulco High-Net-Worth #2371,16.7583,-99.8776,Mexico,High-Net-Worth Homeowners,4363000,Acapulco
LOC02372,Rotterdam Business #2372,51.9984,4.4371,Netherlands,Business Interruption,13943000,Rotterdam
LOC02373,Los Angeles Business #2373,34.0515,-118.1388,United States,Business Interruption,6569000,Los Angeles
LOC02374,Rotterdam Marine #2374,51.8952,4.5188,Netherlands,Marine Cargo,9590000,Rotterdam
LOC02375,Dubai Commercial #2375,25.0214,55.1421,United Arab Emirates,Commercial Property,23433000,Dubai
LOC02376,Shanghai Marine #2376,31.2476,121.4969,China,Marine Cargo,15413000,Shanghai
LOC02377,New York Business #2377,40.8781,-73.9025,United States,Business Interruption,7512000,New York
LOC02378,Kolkata Business #2378,22.5278,88.4051,India,Business Interruption,19889000,Kolkata
LOC02379,Shenzhen Commercial #2379,22.6212,114.0567,China,Commercial Property,2262000,Shenzhen
LOC02380,New York Commercial #2380,40.7005,-74.0493,United States,Commercial Property,48596000,New York
LOC02381,Houston High-Net-Worth #2381,29.9674,-95.3731,United States,High-Net-Worth Homeowners,3057000,Houston
LOC02382,Santiago Commercial #2382,-33.5849,-70.7707,Chile,Commercial Property,22776000,Santiago
LOC02383,Bogota High-Net-Worth #2383,4.4618,-73.9627,Colombia,High-Net-Worth Homeowners,3006000,Bogota
LOC02384,Miami Commercial #2384,25.7673,-80.153,United States,Commercial Property,17602000,Miami
LOC02385,Honolulu Travel #2385,21.3789,-157.8417,United States,Travel,216000,Honolulu
LOC02386,Athens Business #2386,38.1418,23.8001,Greece,Business Interruption,4798000,Athens
LOC02387,Boston Commercial #2387,42.3875,-71.1107,United States,Commercial Property,35900000,Boston
LOC02388,Valparaiso Commercial #2388,-33.2396,-71.5482,Chile,Commercial Property,44797000,Valparaiso
LOC02389,Houston Energy #2389,29.8496,-95.4329,United States,Energy,182454000,Houston
LOC02390,Manila Commercial #2390,14.5362,120.9843,Philippines,Commercial Property,28001000,Manila
LOC02391,Taipei Commercial #2391,25.0675,121.5942,Taiwan,Commercial Property,33770000,Taipei
LOC02392,Osaka Marine #2392,34.6451,135.3237,Japan,Marine Cargo,6374000,Osaka
LOC02393,Manila Commercial #2393,14.761,121.0288,Philippines,Commercial Property,4675000,Manila
LOC02394,Johannesburg High-Net-Worth #2394,-26.2144,28.0152,South Africa,High-Net-Worth Homeowners,8528000,Johannesburg
LOC02395,Shenzhen Marine #2395,22.5355,114.1597,China,Marine Cargo,13280000,Shenzhen
LOC02396,Hamburg Energy #2396,53.5092,10.0308,Germany,Energy,73614000,Hamburg
LOC02397,Taipei Travel #2397,24.9271,121.1412,Taiwan,Travel,764000,Taipei
LOC02398,Hong Kong Commercial #2398,22.1272,114.2137,China,Commercial Property,50867000,Hong Kong
LOC02399,Houston Marine #2399,29.921,-95.4003,United States,Marine Cargo,2686000,Houston
LOC02400,New York Commercial #2400,40.7622,-73.9981,United States,Commercial Property,31651000,New York
LOC02401,Kona / Hilo Commercial #2401,19.6748,-155.9833,United States,Commercial Property,19507000,Kona / Hilo
LOC02402,Jakarta High-Net-Worth #2402,-6.2318,106.9145,Indonesia,High-Net-Worth Homeowners,2216000,Jakarta
LOC02403,Mexico City Commercial #2403,19.4276,-99.136,Mexico,Commercial Property,4879000,Mexico City
LOC02404,London Commercial #2404,51.5176,-0.157,United Kingdom,Commercial Property,5862000,London
LOC02405,Dubai High-Net-Worth #2405,25.2124,55.2607,United Arab Emirates,High-Net-Worth Homeowners,13497000,Dubai
LOC02406,Tampa Commercial #2406,27.9179,-82.4955,United States,Commercial Property,12802000,Tampa
LOC02407,Rotterdam Marine #2407,51.9565,4.4246,Netherlands,Marine Cargo,13556000,Rotterdam
LOC02408,Jakarta High-Net-Worth #2408,-5.9578,106.7928,Indonesia,High-Net-Worth Homeowners,3481000,Jakarta
LOC02409,Sydney Business #2409,-33.8576,151.2021,Australia,Business Interruption,83428000,Sydney
LOC02410,Milan Commercial #2410,45.4646,9.1693,Italy,Commercial Property,6434000,Milan
LOC02411,Houston Commercial #2411,29.8229,-95.4214,United States,Commercial Property,32201000,Houston
LOC02412,Miami Commercial #2412,25.7855,-80.4338,United States,Commercial Property,63116000,Miami
LOC02413,Shanghai Marine #2413,31.3402,121.513,China,Marine Cargo,11190000,Shanghai
LOC02414,Los Angeles Commercial #2414,34.0066,-118.3293,United States,Commercial Property,12666000,Los Angeles
LOC02415,San Francisco High-Net-Worth #2415,37.9136,-122.5069,United States,High-Net-Worth Homeowners,3361000,San Francisco
LOC02416,Nairobi Commercial #2416,-1.3649,36.6429,Kenya,Commercial Property,25336000,Nairobi
LOC02417,New York Commercial #2417,40.7115,-74.0082,United States,Commercial Property,68017000,New York
LOC02418,Kingston Marine #2418,17.9246,-76.7568,Jamaica,Marine Cargo,10689000,Kingston
LOC02419,London High-Net-Worth #2419,51.6695,0.0953,United Kingdom,High-Net-Worth Homeowners,3505000,London
LOC02420,Los Angeles Commercial #2420,33.9589,-118.3468,United States,Commercial Property,43733000,Los Angeles
LOC02421,Hamburg Marine #2421,53.5481,9.9508,Germany,Marine Cargo,40162000,Hamburg
LOC02422,Tampa Commercial #2422,28.0502,-82.3364,United States,Commercial Property,12064000,Tampa
LOC02423,San Juan Accident #2423,18.4134,-66.1046,Puerto Rico,Accident & Health,2211000,San Juan
LOC02424,Hamburg Marine #2424,53.4858,9.8827,Germany,Marine Cargo,5405000,Hamburg
LOC02425,Manila High-Net-Worth #2425,14.5837,120.9665,Philippines,High-Net-Worth Homeowners,3707000,Manila
LOC02426,Kona / Hilo Travel #2426,19.6832,-155.935,United States,Travel,147000,Kona / Hilo
LOC02427,Los Angeles Commercial #2427,34.0413,-118.2237,United States,Commercial Property,27505000,Los Angeles
LOC02428,Santo Domingo High-Net-Worth #2428,18.5059,-69.9225,Dominican Republic,High-Net-Worth Homeowners,17253000,Santo Domingo
LOC02429,Kolkata Marine #2429,22.5782,88.4041,India,Marine Cargo,16031000,Kolkata
LOC02430,Kolkata Commercial #2430,22.6971,88.4726,India,Commercial Property,43421000,Kolkata
LOC02431,Kona / Hilo High-Net-Worth #2431,19.6396,-155.9891,United States,High-Net-Worth Homeowners,9878000,Kona / Hilo
LOC02432,Miami High-Net-Worth #2432,25.7327,-80.2504,United States,High-Net-Worth Homeowners,598000,Miami
LOC02433,Lima High-Net-Worth #2433,-12.0613,-77.2826,Peru,High-Net-Worth Homeowners,6720000,Lima
LOC02434,New Orleans Energy #2434,30.0603,-90.1595,United States,Energy,188758000,New Orleans
LOC02435,Maui Commercial #2435,20.8092,-156.3068,United States,Commercial Property,14094000,Maui
LOC02436,Milan Commercial #2436,45.3215,9.1686,Italy,Commercial Property,22332000,Milan
LOC02437,Los Angeles Business #2437,34.0223,-118.2302,United States,Business Interruption,15425000,Los Angeles
LOC02438,New York Business #2438,40.6908,-73.9943,United States,Business Interruption,37099000,New York
LOC02439,La Paz BCS Commercial #2439,24.1737,-110.2806,Mexico,Commercial Property,18141000,La Paz BCS
LOC02440,Kolkata Marine #2440,22.5483,88.3364,India,Marine Cargo,7557000,Kolkata
LOC02441,Mumbai Commercial #2441,19.0377,72.8778,India,Commercial Property,82208000,Mumbai
LOC02442,Kaohsiung Commercial #2442,22.7298,120.1651,Taiwan,Commercial Property,36839000,Kaohsiung
LOC02443,London Accident #2443,51.4812,-0.1338,United Kingdom,Accident & Health,1309000,London
LOC02444,New York Business #2444,40.656,-73.9725,United States,Business Interruption,34771000,New York
LOC02445,Honolulu Commercial #2445,21.1876,-157.7774,United States,Commercial Property,7882000,Honolulu
LOC02446,Houston Business #2446,30.1129,-95.3943,United States,Business Interruption,54903000,Houston
LOC02447,Manila Energy #2447,14.562,120.9817,Philippines,Energy,269946000,Manila
LOC02448,London Commercial #2448,51.7045,-0.1454,United Kingdom,Commercial Property,3403000,London
LOC02449,Shenzhen High-Net-Worth #2449,22.5662,114.0584,China,High-Net-Worth Homeowners,3027000,Shenzhen
LOC02450,Miami Commercial #2450,25.7652,-80.107,United States,Commercial Property,21860000,Miami
LOC02451,Shenzhen Marine #2451,22.4019,113.9412,China,Marine Cargo,26430000,Shenzhen
LOC02452,Miami High-Net-Worth #2452,25.5875,-79.9059,United States,High-Net-Worth Homeowners,4123000,Miami
LOC02453,Dubai High-Net-Worth #2453,25.1854,54.8981,United Arab Emirates,High-Net-Worth Homeowners,16509000,Dubai
LOC02454,Los Angeles Commercial #2454,33.8636,-118.0795,United States,Commercial Property,24288000,Los Angeles
LOC02455,Goma Commercial #2455,-1.7005,29.2232,Democratic Republic of the Congo,Commercial Property,72540000,Goma
LOC02456,Lagos High-Net-Worth #2456,6.4934,3.3416,Nigeria,High-Net-Worth Homeowners,9363000,Lagos
LOC02457,Nassau Business #2457,25.073,-77.5032,Bahamas,Business Interruption,7489000,Nassau
LOC02458,Naha Okinawa Commercial #2458,26.3217,128.0073,Japan,Commercial Property,9659000,Naha Okinawa
LOC02459,New York Commercial #2459,40.8231,-74.0342,United States,Commercial Property,11927000,New York
LOC02460,Jakarta Commercial #2460,-6.1643,106.8241,Indonesia,Commercial Property,25742000,Jakarta
LOC02461,Maui High-Net-Worth #2461,20.8058,-156.3316,United States,High-Net-Worth Homeowners,3867000,Maui
LOC02462,Sydney Business #2462,-33.7983,150.9941,Australia,Business Interruption,10034000,Sydney
LOC02463,Kona / Hilo Commercial #2463,19.8787,-155.9997,United States,Commercial Property,47376000,Kona / Hilo
LOC02464,Cabo San Lucas High-Net-Worth #2464,22.9025,-110.049,Mexico,High-Net-Worth Homeowners,6178000,Cabo San Lucas
LOC02465,Cancun Marine #2465,21.3544,-87.0914,Mexico,Marine Cargo,14504000,Cancun
LOC02466,Los Angeles High-Net-Worth #2466,34.1052,-118.2035,United States,High-Net-Worth Homeowners,3614000,Los Angeles
LOC02467,Santo Domingo Commercial #2467,18.4891,-69.9401,Dominican Republic,Commercial Property,14839000,Santo Domingo
LOC02468,New York Business #2468,40.7247,-74.0305,United States,Business Interruption,12955000,New York
LOC02469,San Diego Business #2469,32.5604,-117.2446,United States,Business Interruption,15079000,San Diego
LOC02470,Visakhapatnam Business #2470,17.6174,83.3124,India,Business Interruption,53685000,Visakhapatnam
LOC02471,Miami High-Net-Worth #2471,25.8308,-79.9926,United States,High-Net-Worth Homeowners,5836000,Miami
LOC02472,Dubai Business #2472,25.1969,55.2099,United Arab Emirates,Business Interruption,8596000,Dubai
LOC02473,Los Angeles Commercial #2473,34.0402,-118.2712,United States,Commercial Property,20325000,Los Angeles
LOC02474,New Orleans Marine #2474,29.9462,-90.0771,United States,Marine Cargo,20651000,New Orleans
LOC02475,Sydney High-Net-Worth #2475,-34.0329,151.1909,Australia,High-Net-Worth Homeowners,2791000,Sydney
LOC02476,Jakarta Commercial #2476,-6.1155,107.0096,Indonesia,Commercial Property,6198000,Jakarta
LOC02477,Osaka High-Net-Worth #2477,34.6793,135.8459,Japan,High-Net-Worth Homeowners,4636000,Osaka
LOC02478,Cancun Commercial #2478,21.2354,-86.6108,Mexico,Commercial Property,10678000,Cancun
LOC02479,London High-Net-Worth #2479,51.6401,0.0709,United Kingdom,High-Net-Worth Homeowners,1941000,London
LOC02480,Manzanillo High-Net-Worth #2480,19.1182,-104.3541,Mexico,High-Net-Worth Homeowners,1041000,Manzanillo
LOC02481,Charleston Business #2481,32.7424,-79.5694,United States,Business Interruption,11598000,Charleston
LOC02482,Mumbai Business #2482,19.2742,72.9534,India,Business Interruption,18507000,Mumbai
LOC02483,New York Commercial #2483,40.7451,-73.9802,United States,Commercial Property,7156000,New York
LOC02484,Osaka Energy #2484,34.7588,135.4321,Japan,Energy,85772000,Osaka
LOC02485,Tokyo High-Net-Worth #2485,35.6917,139.6695,Japan,High-Net-Worth Homeowners,2405000,Tokyo
LOC02486,Miami Business #2486,25.734,-80.2525,United States,Business Interruption,9510000,Miami
LOC02487,Osaka Commercial #2487,34.8103,135.4621,Japan,Commercial Property,39260000,Osaka
LOC02488,Cabo San Lucas Marine #2488,22.8891,-109.9138,Mexico,Marine Cargo,10806000,Cabo San Lucas
LOC02489,Honolulu Commercial #2489,21.2192,-157.836,United States,Commercial Property,26823000,Honolulu
LOC02490,New York Commercial #2490,40.8745,-73.939,United States,Commercial Property,50829000,New York
LOC02491,Acapulco Business #2491,16.851,-99.8793,Mexico,Business Interruption,25156000,Acapulco
LOC02492,Mexico City Commercial #2492,19.4605,-99.1149,Mexico,Commercial Property,6857000,Mexico City
LOC02493,Manila High-Net-Worth #2493,14.5565,120.7762,Philippines,High-Net-Worth Homeowners,6167000,Manila
LOC02494,Jakarta Business #2494,-5.7235,106.6556,Indonesia,Business Interruption,66635000,Jakarta
LOC02495,London High-Net-Worth #2495,51.5313,-0.0764,United Kingdom,High-Net-Worth Homeowners,1394000,London
LOC02496,Jakarta Commercial #2496,-6.2588,106.8712,Indonesia,Commercial Property,16834000,Jakarta
LOC02497,Istanbul High-Net-Worth #2497,40.7178,28.9785,Türkiye,High-Net-Worth Homeowners,2194000,Istanbul
LOC02498,Kaohsiung Commercial #2498,22.6247,120.2152,Taiwan,Commercial Property,16476000,Kaohsiung
LOC02499,San Francisco High-Net-Worth #2499,37.7398,-122.3896,United States,High-Net-Worth Homeowners,2523000,San Francisco
LOC02500,Kaohsiung Commercial #2500,22.4256,120.2267,Taiwan,Commercial Property,44008000,Kaohsiung
LOC02501,London Commercial #2501,51.5776,-0.0892,United Kingdom,Commercial Property,39311000,London
LOC02502,Houston Business #2502,29.7895,-95.474,United States,Business Interruption,14619000,Houston
LOC02503,Manila Commercial #2503,14.7097,121.0451,Philippines,Commercial Property,18028000,Manila
LOC02504,Cabo San Lucas High-Net-Worth #2504,22.8986,-109.8943,Mexico,High-Net-Worth Homeowners,5669000,Cabo San Lucas
LOC02505,Milan Commercial #2505,45.4381,9.2746,Italy,Commercial Property,68657000,Milan
LOC02506,San Francisco High-Net-Worth #2506,37.8675,-122.4381,United States,High-Net-Worth Homeowners,21483000,San Francisco
LOC02507,Tampa Marine #2507,28.0571,-82.6256,United States,Marine Cargo,11407000,Tampa
LOC02508,Puerto Vallarta Travel #2508,20.6162,-105.2392,Mexico,Travel,745000,Puerto Vallarta
LOC02509,Los Angeles Business #2509,34.0484,-118.2395,United States,Business Interruption,31196000,Los Angeles
LOC02510,Honolulu High-Net-Worth #2510,21.3024,-157.839,United States,High-Net-Worth Homeowners,10315000,Honolulu
LOC02511,New York Commercial #2511,40.6645,-74.2542,United States,Commercial Property,7935000,New York
LOC02512,Shanghai Commercial #2512,31.2811,121.5909,China,Commercial Property,20037000,Shanghai
LOC02513,Santo Domingo Commercial #2513,18.3326,-70.0043,Dominican Republic,Commercial Property,28093000,Santo Domingo
LOC02514,Valparaiso High-Net-Worth #2514,-32.8776,-71.8946,Chile,High-Net-Worth Homeowners,3333000,Valparaiso
LOC02515,Shenzhen High-Net-Worth #2515,22.6534,114.1443,China,High-Net-Worth Homeowners,7730000,Shenzhen
LOC02516,Puerto Vallarta Business #2516,20.6655,-105.2286,Mexico,Business Interruption,36056000,Puerto Vallarta
LOC02517,Maui Commercial #2517,20.6526,-156.4927,United States,Commercial Property,34621000,Maui
LOC02518,Charleston Marine #2518,32.7815,-79.9057,United States,Marine Cargo,4981000,Charleston
LOC02519,San Francisco Commercial #2519,37.7697,-122.4548,United States,Commercial Property,37209000,San Francisco
LOC02520,Hong Kong Accident #2520,22.2519,113.7426,China,Accident & Health,5175000,Hong Kong
LOC02521,Cancun High-Net-Worth #2521,21.1002,-86.7501,Mexico,High-Net-Worth Homeowners,2409000,Cancun
LOC02522,La Paz BCS High-Net-Worth #2522,24.0796,-110.3333,Mexico,High-Net-Worth Homeowners,4128000,La Paz BCS
LOC02523,Milan Marine #2523,45.5289,9.3422,Italy,Marine Cargo,8574000,Milan
LOC02524,Hamburg Business #2524,53.3766,10.1174,Germany,Business Interruption,29617000,Hamburg
LOC02525,Kona / Hilo Business #2525,19.6151,-155.8514,United States,Business Interruption,7345000,Kona / Hilo
LOC02526,Manila High-Net-Worth #2526,14.3953,121.0706,Philippines,High-Net-Worth Homeowners,3954000,Manila
LOC02527,Shanghai Marine #2527,31.4311,121.5565,China,Marine Cargo,2552000,Shanghai
LOC02528,New York Business #2528,40.798,-73.9429,United States,Business Interruption,12320000,New York
LOC02529,Tokyo Business #2529,35.7313,139.4845,Japan,Business Interruption,10772000,Tokyo
LOC02530,Osaka Business #2530,34.6844,135.4382,Japan,Business Interruption,21383000,Osaka
LOC02531,Honolulu High-Net-Worth #2531,21.4436,-157.9566,United States,High-Net-Worth Homeowners,1539000,Honolulu
LOC02532,London Commercial #2532,51.4639,-0.3647,United Kingdom,Commercial Property,9424000,London
LOC02533,London Commercial #2533,51.5397,0.0812,United Kingdom,Commercial Property,19172000,London
LOC02534,Istanbul Commercial #2534,41.0035,29.2461,Türkiye,Commercial Property,25161000,Istanbul
LOC02535,Naples FL High-Net-Worth #2535,25.97,-82.0949,United States,High-Net-Worth Homeowners,12792000,Naples FL
LOC02536,Kona / Hilo Commercial #2536,19.6892,-155.9462,United States,Commercial Property,83338000,Kona / Hilo
LOC02537,Shenzhen Commercial #2537,22.299,113.9587,China,Commercial Property,19433000,Shenzhen
LOC02538,Cabo San Lucas Commercial #2538,22.8095,-109.9598,Mexico,Commercial Property,7203000,Cabo San Lucas
LOC02539,Jakarta Commercial #2539,-6.5047,106.7174,Indonesia,Commercial Property,15144000,Jakarta
LOC02540,Boston Travel #2540,42.3819,-71.3825,United States,Travel,791000,Boston
LOC02541,Johannesburg Commercial #2541,-26.0669,28.1936,South Africa,Commercial Property,127295000,Johannesburg
LOC02542,Chennai Marine #2542,13.1442,80.3512,India,Marine Cargo,13576000,Chennai
LOC02543,New York High-Net-Worth #2543,40.7807,-74.1857,United States,High-Net-Worth Homeowners,2092000,New York
LOC02544,Hamburg Business #2544,53.5531,10.0068,Germany,Business Interruption,33800000,Hamburg
LOC02545,Shanghai Commercial #2545,31.2644,121.5405,China,Commercial Property,21275000,Shanghai
LOC02546,Praia Commercial #2546,14.927,-23.4951,Cape Verde,Commercial Property,10973000,Praia
LOC02547,Kona / Hilo High-Net-Worth #2547,19.3727,-156.0085,United States,High-Net-Worth Homeowners,9093000,Kona / Hilo
LOC02548,Boston Commercial #2548,42.375,-71.0891,United States,Commercial Property,83163000,Boston
LOC02549,Miami Accident #2549,25.752,-80.2396,United States,Accident & Health,905000,Miami
LOC02550,Miami Commercial #2550,25.9404,-80.2175,United States,Commercial Property,90075000,Miami
LOC02551,Johannesburg Commercial #2551,-26.1441,28.1633,South Africa,Commercial Property,38355000,Johannesburg
LOC02552,Visakhapatnam Commercial #2552,17.8582,82.7219,India,Commercial Property,41626000,Visakhapatnam
LOC02553,Chennai High-Net-Worth #2553,13.0856,80.2679,India,High-Net-Worth Homeowners,2180000,Chennai
LOC02554,Tampa Business #2554,28.0223,-82.3334,United States,Business Interruption,24972000,Tampa
LOC02555,New York Commercial #2555,40.7097,-73.9934,United States,Commercial Property,10267000,New York
LOC02556,Naples FL Commercial #2556,26.1811,-81.8842,United States,Commercial Property,7935000,Naples FL
LOC02557,Dubai Travel #2557,25.183,55.2396,United Arab Emirates,Travel,398000,Dubai
LOC02558,New York High-Net-Worth #2558,40.8034,-73.9132,United States,High-Net-Worth Homeowners,7932000,New York
LOC02559,Los Angeles Commercial #2559,34.2146,-118.1346,United States,Commercial Property,36217000,Los Angeles
LOC02560,Milan Commercial #2560,45.442,9.2059,Italy,Commercial Property,17796000,Milan
LOC02561,Maui High-Net-Worth #2561,20.6771,-156.2881,United States,High-Net-Worth Homeowners,6091000,Maui
LOC02562,Istanbul Commercial #2562,41.0122,29.1848,Türkiye,Commercial Property,50774000,Istanbul
LOC02563,Kona / Hilo High-Net-Worth #2563,19.7535,-155.9636,United States,High-Net-Worth Homeowners,2716000,Kona / Hilo
LOC02564,Lima Commercial #2564,-12.0427,-77.0161,Peru,Commercial Property,30035000,Lima
LOC02565,Taipei Accident #2565,24.9501,121.5329,Taiwan,Accident & Health,4743000,Taipei
LOC02566,New Orleans Business #2566,30.0324,-90.0192,United States,Business Interruption,9572000,New Orleans
LOC02567,Boston High-Net-Worth #2567,42.3211,-70.9274,United States,High-Net-Worth Homeowners,20031000,Boston
LOC02568,Cancun Travel #2568,21.3166,-86.6797,Mexico,Travel,1105000,Cancun
LOC02569,San Juan High-Net-Worth #2569,18.3004,-66.3171,Puerto Rico,High-Net-Worth Homeowners,1200000,San Juan
LOC02570,Miami Commercial #2570,25.7733,-80.2001,United States,Commercial Property,9765000,Miami
LOC02571,Hong Kong Business #2571,22.2823,114.2183,China,Business Interruption,12832000,Hong Kong
LOC02572,Chennai Commercial #2572,13.0178,80.3074,India,Commercial Property,16289000,Chennai
LOC02573,Houston Energy #2573,29.7675,-95.3812,United States,Energy,182653000,Houston
LOC02574,Jakarta Energy #2574,-6.019,106.8404,Indonesia,Energy,890645000,Jakarta
LOC02575,Nairobi Business #2575,-1.391,37.0667,Kenya,Business Interruption,101599000,Nairobi
LOC02576,Shanghai Business #2576,31.1546,121.4186,China,Business Interruption,45023000,Shanghai
LOC02577,San Francisco Commercial #2577,37.7138,-122.2983,United States,Commercial Property,37444000,San Francisco
LOC02578,Kinshasa High-Net-Worth #2578,-4.6221,15.2252,Democratic Republic of the Congo,High-Net-Worth Homeowners,15301000,Kinshasa
LOC02579,Miami Commercial #2579,25.7191,-80.3224,United States,Commercial Property,12341000,Miami
LOC02580,Taipei High-Net-Worth #2580,25.2577,121.4064,Taiwan,High-Net-Worth Homeowners,1409000,Taipei
LOC02581,Kinshasa High-Net-Worth #2581,-4.3661,15.2656,Democratic Republic of the Congo,High-Net-Worth Homeowners,4861000,Kinshasa
LOC02582,Taipei Commercial #2582,25.0348,121.9433,Taiwan,Commercial Property,36058000,Taipei
LOC02583,Jakarta Commercial #2583,-6.2351,106.7958,Indonesia,Commercial Property,45263000,Jakarta
LOC02584,Acapulco Travel #2584,16.7755,-100.0315,Mexico,Travel,1691000,Acapulco
LOC02585,Milan Commercial #2585,45.3417,9.227,Italy,Commercial Property,8072000,Milan
LOC02586,Chennai Marine #2586,13.0734,80.2887,India,Marine Cargo,15260000,Chennai
LOC02587,Naples FL Business #2587,26.1456,-81.784,United States,Business Interruption,11723000,Naples FL
LOC02588,Puerto Vallarta Commercial #2588,20.5863,-105.2691,Mexico,Commercial Property,14866000,Puerto Vallarta
LOC02589,Naples FL Business #2589,26.078,-81.644,United States,Business Interruption,15230000,Naples FL
LOC02590,Valparaiso Marine #2590,-33.2663,-71.71,Chile,Marine Cargo,27413000,Valparaiso
LOC02591,Honolulu High-Net-Worth #2591,21.3022,-157.8513,United States,High-Net-Worth Homeowners,10805000,Honolulu
LOC02592,London Commercial #2592,51.6047,-0.3313,United Kingdom,Commercial Property,12847000,London
LOC02593,Cabo San Lucas High-Net-Worth #2593,22.9801,-109.678,Mexico,High-Net-Worth Homeowners,1654000,Cabo San Lucas
LOC02594,Shanghai Commercial #2594,31.2182,121.5277,China,Commercial Property,69693000,Shanghai
LOC02595,Hamburg Commercial #2595,53.601,10.2845,Germany,Commercial Property,26084000,Hamburg
LOC02596,Honolulu Business #2596,21.2036,-157.7722,United States,Business Interruption,12752000,Honolulu
LOC02597,Houston Energy #2597,30.0156,-95.6118,United States,Energy,174257000,Houston
LOC02598,Istanbul Commercial #2598,41.1484,29.0344,Türkiye,Commercial Property,16739000,Istanbul
LOC02599,New York Commercial #2599,40.7975,-73.8159,United States,Commercial Property,32548000,New York
LOC02600,Puerto Vallarta Commercial #2600,20.5239,-105.1907,Mexico,Commercial Property,53039000,Puerto Vallarta
LOC02601,Los Angeles High-Net-Worth #2601,33.9653,-118.5543,United States,High-Net-Worth Homeowners,1260000,Los Angeles
LOC02602,Kolkata Commercial #2602,22.348,88.1908,India,Commercial Property,45111000,Kolkata
LOC02603,Miami High-Net-Worth #2603,25.7526,-79.9758,United States,High-Net-Worth Homeowners,2211000,Miami
LOC02604,Acapulco Travel #2604,16.8906,-100.0757,Mexico,Travel,366000,Acapulco
LOC02605,Mazatlan Commercial #2605,23.1889,-106.4629,Mexico,Commercial Property,15181000,Mazatlan
LOC02606,New York Commercial #2606,40.7826,-74.0107,United States,Commercial Property,13744000,New York
LOC02607,Honolulu Commercial #2607,21.1706,-157.8253,United States,Commercial Property,102886000,Honolulu
LOC02608,Los Angeles Commercial #2608,34.1619,-118.2233,United States,Commercial Property,45905000,Los Angeles
LOC02609,Shenzhen Commercial #2609,22.6194,114.1059,China,Commercial Property,15090000,Shenzhen
LOC02610,Tampa Commercial #2610,27.9923,-82.4725,United States,Commercial Property,17102000,Tampa
LOC02611,Visakhapatnam Business #2611,17.7474,83.176,India,Business Interruption,24689000,Visakhapatnam
LOC02612,Sydney Marine #2612,-33.8697,151.027,Australia,Marine Cargo,7290000,Sydney
LOC02613,Jakarta High-Net-Worth #2613,-6.2116,106.9473,Indonesia,High-Net-Worth Homeowners,2662000,Jakarta
LOC02614,Taipei High-Net-Worth #2614,25.047,121.563,Taiwan,High-Net-Worth Homeowners,1262000,Taipei
LOC02615,Lima High-Net-Worth #2615,-12.2371,-76.9972,Peru,High-Net-Worth Homeowners,2895000,Lima
LOC02616,Houston Energy #2616,29.7654,-95.3726,United States,Energy,160296000,Houston
LOC02617,Istanbul Business #2617,41.0769,28.8984,Türkiye,Business Interruption,26894000,Istanbul
LOC02618,Honolulu High-Net-Worth #2618,21.3558,-157.8576,United States,High-Net-Worth Homeowners,1908000,Honolulu
LOC02619,Santiago High-Net-Worth #2619,-33.307,-70.3838,Chile,High-Net-Worth Homeowners,2578000,Santiago
LOC02620,Osaka Energy #2620,34.784,135.3084,Japan,Energy,191231000,Osaka
LOC02621,Miami High-Net-Worth #2621,25.7685,-80.1745,United States,High-Net-Worth Homeowners,10947000,Miami
LOC02622,Jakarta Commercial #2622,-6.2151,106.7263,Indonesia,Commercial Property,15921000,Jakarta
LOC02623,San Diego Marine #2623,32.6887,-117.1003,United States,Marine Cargo,10345000,San Diego
LOC02624,Sydney Commercial #2624,-33.8429,151.5191,Australia,Commercial Property,15217000,Sydney
LOC02625,Cabo San Lucas Commercial #2625,22.8957,-109.7644,Mexico,Commercial Property,140747000,Cabo San Lucas
LOC02626,Lagos Marine #2626,6.5586,3.3629,Nigeria,Marine Cargo,11955000,Lagos
LOC02627,Kinshasa Commercial #2627,-4.2217,15.0848,Democratic Republic of the Congo,Commercial Property,19671000,Kinshasa
LOC02628,Kona / Hilo Marine #2628,19.6393,-156.0739,United States,Marine Cargo,24603000,Kona / Hilo
LOC02629,San Francisco High-Net-Worth #2629,37.7791,-122.3635,United States,High-Net-Worth Homeowners,7564000,San Francisco
LOC02630,Los Angeles High-Net-Worth #2630,33.847,-118.214,United States,High-Net-Worth Homeowners,2761000,Los Angeles
LOC02631,Acapulco Commercial #2631,16.8598,-99.8362,Mexico,Commercial Property,29703000,Acapulco
LOC02632,Chennai Marine #2632,13.2575,80.0395,India,Marine Cargo,12230000,Chennai
LOC02633,Sydney Commercial #2633,-33.9637,151.2642,Australia,Commercial Property,13455000,Sydney
LOC02634,Hamburg High-Net-Worth #2634,53.5523,9.9372,Germany,High-Net-Worth Homeowners,9643000,Hamburg
LOC02635,Kona / Hilo Commercial #2635,19.4921,-155.8656,United States,Commercial Property,22883000,Kona / Hilo
LOC02636,Johannesburg Commercial #2636,-26.1309,28.017,South Africa,Commercial Property,9504000,Johannesburg
LOC02637,Santiago Commercial #2637,-33.51,-70.8792,Chile,Commercial Property,32654000,Santiago
LOC02638,Osaka Commercial #2638,34.7618,135.5581,Japan,Commercial Property,16942000,Osaka
LOC02639,Cabo San Lucas High-Net-Worth #2639,22.9853,-109.8914,Mexico,High-Net-Worth Homeowners,8783000,Cabo San Lucas
LOC02640,Naples FL Commercial #2640,26.1805,-81.742,United States,Commercial Property,53804000,Naples FL
LOC02641,Houston Commercial #2641,29.6722,-95.2951,United States,Commercial Property,14716000,Houston
LOC02642,Houston Commercial #2642,29.7657,-95.3772,United States,Commercial Property,55252000,Houston
LOC02643,Milan Commercial #2643,45.4694,9.2307,Italy,Commercial Property,21375000,Milan
LOC02644,Boston High-Net-Worth #2644,42.3221,-70.868,United States,High-Net-Worth Homeowners,1435000,Boston
LOC02645,Rotterdam Commercial #2645,51.9425,4.6909,Netherlands,Commercial Property,96230000,Rotterdam
LOC02646,Sydney Business #2646,-33.8272,151.2108,Australia,Business Interruption,69523000,Sydney
LOC02647,Bogota Accident #2647,4.7011,-74.0718,Colombia,Accident & Health,6152000,Bogota
LOC02648,Praia Travel #2648,14.8937,-23.53,Cape Verde,Travel,179000,Praia
LOC02649,Puerto Vallarta High-Net-Worth #2649,20.6369,-105.1942,Mexico,High-Net-Worth Homeowners,3857000,Puerto Vallarta
LOC02650,Los Angeles Commercial #2650,33.8901,-118.3415,United States,Commercial Property,25203000,Los Angeles
LOC02651,Tokyo Commercial #2651,35.677,139.6788,Japan,Commercial Property,55622000,Tokyo
LOC02652,Dubai Marine #2652,25.1762,55.2826,United Arab Emirates,Marine Cargo,10600000,Dubai
LOC02653,Kolkata Commercial #2653,22.5498,88.3444,India,Commercial Property,33936000,Kolkata
LOC02654,Concepcion Commercial #2654,-36.7775,-73.258,Chile,Commercial Property,37204000,Concepcion
LOC02655,Rotterdam Commercial #2655,51.9731,4.2061,Netherlands,Commercial Property,10718000,Rotterdam
LOC02656,Dubai Commercial #2656,25.1002,55.3265,United Arab Emirates,Commercial Property,15863000,Dubai
LOC02657,Los Angeles Travel #2657,34.0367,-118.2299,United States,Travel,663000,Los Angeles
LOC02658,Naples FL Commercial #2658,26.1916,-81.7403,United States,Commercial Property,89864000,Naples FL
LOC02659,Acapulco High-Net-Worth #2659,16.9026,-99.7897,Mexico,High-Net-Worth Homeowners,5610000,Acapulco
LOC02660,Miami High-Net-Worth #2660,25.7579,-80.2222,United States,High-Net-Worth Homeowners,819000,Miami
LOC02661,Shanghai Marine #2661,31.3114,121.4046,China,Marine Cargo,3194000,Shanghai
LOC02662,Los Angeles Business #2662,33.9989,-118.4941,United States,Business Interruption,56846000,Los Angeles
LOC02663,Istanbul Commercial #2663,41.0022,28.9667,Türkiye,Commercial Property,146556000,Istanbul
LOC02664,Osaka Commercial #2664,34.6491,135.7939,Japan,Commercial Property,46797000,Osaka
LOC02665,Kingston Business #2665,18.0568,-76.7882,Jamaica,Business Interruption,30914000,Kingston
LOC02666,Naples FL High-Net-Worth #2666,26.1213,-81.6993,United States,High-Net-Worth Homeowners,2784000,Naples FL
LOC02667,Honolulu Commercial #2667,21.4184,-157.8075,United States,Commercial Property,35684000,Honolulu
LOC02668,Boston Business #2668,42.3347,-70.8744,United States,Business Interruption,16101000,Boston
LOC02669,Cabo San Lucas High-Net-Worth #2669,22.995,-110.1414,Mexico,High-Net-Worth Homeowners,4556000,Cabo San Lucas
LOC02670,San Juan High-Net-Worth #2670,18.3471,-66.0587,Puerto Rico,High-Net-Worth Homeowners,6289000,San Juan
LOC02671,Shanghai High-Net-Worth #2671,31.4484,121.431,China,High-Net-Worth Homeowners,3703000,Shanghai
LOC02672,Shenzhen Commercial #2672,22.5748,113.9859,China,Commercial Property,26768000,Shenzhen
LOC02673,Boston High-Net-Worth #2673,42.546,-71.1076,United States,High-Net-Worth Homeowners,1817000,Boston
LOC02674,Los Angeles Commercial #2674,33.9912,-118.1445,United States,Commercial Property,4088000,Los Angeles
LOC02675,Istanbul Marine #2675,41.041,28.9899,Türkiye,Marine Cargo,10992000,Istanbul
LOC02676,Tampa High-Net-Worth #2676,27.7461,-82.3567,United States,High-Net-Worth Homeowners,9999000,Tampa
LOC02677,Los Angeles Commercial #2677,34.0464,-118.239,United States,Commercial Property,26118000,Los Angeles
LOC02678,Tampa Commercial #2678,27.7173,-82.7235,United States,Commercial Property,10873000,Tampa
LOC02679,Houston Energy #2679,29.8998,-95.5128,United States,Energy,53554000,Houston
LOC02680,Osaka Marine #2680,34.705,135.6479,Japan,Marine Cargo,33976000,Osaka
LOC02681,Tokyo Commercial #2681,35.6869,139.6775,Japan,Commercial Property,17099000,Tokyo
LOC02682,Hamburg Marine #2682,53.4198,9.9824,Germany,Marine Cargo,26593000,Hamburg
LOC02683,San Diego Commercial #2683,32.8113,-117.1919,United States,Commercial Property,143451000,San Diego
LOC02684,New York Commercial #2684,40.751,-74.0017,United States,Commercial Property,89788000,New York
LOC02685,Valparaiso Marine #2685,-32.9861,-71.2457,Chile,Marine Cargo,10742000,Valparaiso
LOC02686,Praia Accident #2686,14.7314,-23.4048,Cape Verde,Accident & Health,1458000,Praia
LOC02687,Dubai Marine #2687,25.0987,55.1527,United Arab Emirates,Marine Cargo,17209000,Dubai
LOC02688,Nairobi Energy #2688,-1.3063,36.8166,Kenya,Energy,221292000,Nairobi
LOC02689,Puerto Vallarta Marine #2689,20.6643,-105.2366,Mexico,Marine Cargo,11106000,Puerto Vallarta
LOC02690,Cabo San Lucas Commercial #2690,22.958,-109.8384,Mexico,Commercial Property,38048000,Cabo San Lucas
LOC02691,Charleston Business #2691,32.7889,-79.8858,United States,Business Interruption,31317000,Charleston
LOC02692,Tampa Commercial #2692,27.9687,-82.3771,United States,Commercial Property,8320000,Tampa
LOC02693,San Juan Business #2693,18.4814,-66.1084,Puerto Rico,Business Interruption,11341000,San Juan
LOC02694,London Commercial #2694,51.3649,0.0979,United Kingdom,Commercial Property,79774000,London
LOC02695,Sydney Business #2695,-33.8807,151.1989,Australia,Business Interruption,17032000,Sydney
LOC02696,Taipei Business #2696,25.0888,121.6131,Taiwan,Business Interruption,15165000,Taipei
LOC02697,Istanbul Commercial #2697,41.0025,29.0049,Türkiye,Commercial Property,37631000,Istanbul
LOC02698,Houston Commercial #2698,29.7628,-95.0656,United States,Commercial Property,95231000,Houston
LOC02699,San Francisco Commercial #2699,37.7556,-122.3955,United States,Commercial Property,13479000,San Francisco
LOC02700,Tampa Commercial #2700,27.9741,-82.4324,United States,Commercial Property,41641000,Tampa
LOC02701,Hamburg Marine #2701,53.5611,10.192,Germany,Marine Cargo,21046000,Hamburg
LOC02702,Cancun High-Net-Worth #2702,21.0903,-86.8154,Mexico,High-Net-Worth Homeowners,3255000,Cancun
LOC02703,Santo Domingo Commercial #2703,18.5358,-69.7546,Dominican Republic,Commercial Property,4049000,Santo Domingo
LOC02704,Puerto Vallarta High-Net-Worth #2704,20.6449,-105.2044,Mexico,High-Net-Worth Homeowners,11800000,Puerto Vallarta
LOC02705,New York High-Net-Worth #2705,40.6365,-73.9918,United States,High-Net-Worth Homeowners,3278000,New York
LOC02706,Jakarta Business #2706,-6.4584,106.6874,Indonesia,Business Interruption,42100000,Jakarta
LOC02707,New York Commercial #2707,40.9962,-74.0532,United States,Commercial Property,31104000,New York
LOC02708,Lima Travel #2708,-11.8442,-76.896,Peru,Travel,1325000,Lima
LOC02709,Cabo San Lucas High-Net-Worth #2709,22.8596,-109.9201,Mexico,High-Net-Worth Homeowners,17317000,Cabo San Lucas
LOC02710,Houston Marine #2710,29.8147,-95.3661,United States,Marine Cargo,4818000,Houston
LOC02711,San Francisco Commercial #2711,37.7637,-122.3963,United States,Commercial Property,22786000,San Francisco
LOC02712,Houston Energy #2712,29.7031,-95.4943,United States,Energy,75772000,Houston
LOC02713,Mexico City Commercial #2713,19.3577,-99.3603,Mexico,Commercial Property,40303000,Mexico City
LOC02714,Praia High-Net-Worth #2714,14.8847,-23.4633,Cape Verde,High-Net-Worth Homeowners,20020000,Praia
LOC02715,Cabo San Lucas High-Net-Worth #2715,22.9181,-109.8515,Mexico,High-Net-Worth Homeowners,14273000,Cabo San Lucas
LOC02716,Chennai Business #2716,12.9235,80.4069,India,Business Interruption,44953000,Chennai
LOC02717,Istanbul Commercial #2717,41.0915,29.2983,Türkiye,Commercial Property,185732000,Istanbul
LOC02718,Hamburg Business #2718,53.5522,9.8108,Germany,Business Interruption,24597000,Hamburg
LOC02719,Dubai High-Net-Worth #2719,25.2114,55.2944,United Arab Emirates,High-Net-Worth Homeowners,3788000,Dubai
LOC02720,Manzanillo Marine #2720,19.1187,-104.5111,Mexico,Marine Cargo,6286000,Manzanillo
LOC02721,Mazatlan Marine #2721,23.2545,-106.4146,Mexico,Marine Cargo,32283000,Mazatlan
LOC02722,New Orleans High-Net-Worth #2722,29.9498,-90.082,United States,High-Net-Worth Homeowners,2152000,New Orleans
LOC02723,Tampa Commercial #2723,27.9673,-82.409,United States,Commercial Property,30128000,Tampa
LOC02724,Osaka High-Net-Worth #2724,34.7693,135.4261,Japan,High-Net-Worth Homeowners,1534000,Osaka
LOC02725,Mexico City High-Net-Worth #2725,19.4259,-99.0956,Mexico,High-Net-Worth Homeowners,2588000,Mexico City
LOC02726,Houston Energy #2726,29.7866,-95.406,United States,Energy,829023000,Houston
LOC02727,Miami Commercial #2727,25.8248,-80.0815,United States,Commercial Property,11565000,Miami
LOC02728,New York Business #2728,40.7066,-74.0142,United States,Business Interruption,6259000,New York
LOC02729,Tokyo Business #2729,35.6004,139.6698,Japan,Business Interruption,30700000,Tokyo
LOC02730,Athens Commercial #2730,37.9953,23.8313,Greece,Commercial Property,75193000,Athens
LOC02731,Jakarta Business #2731,-6.3251,106.7554,Indonesia,Business Interruption,16414000,Jakarta
LOC02732,Nassau Marine #2732,25.1708,-77.3727,Bahamas,Marine Cargo,20023000,Nassau
LOC02733,Miami High-Net-Worth #2733,25.7138,-80.18,United States,High-Net-Worth Homeowners,3521000,Miami
LOC02734,Chennai Business #2734,13.3856,80.239,India,Business Interruption,16459000,Chennai
LOC02735,Rotterdam Business #2735,51.958,4.4381,Netherlands,Business Interruption,14291000,Rotterdam
LOC02736,Rotterdam Energy #2736,51.9544,4.4773,Netherlands,Energy,192177000,Rotterdam
LOC02737,Houston Business #2737,29.6035,-95.2346,United States,Business Interruption,13461000,Houston
LOC02738,Mumbai Energy #2738,19.1287,72.8882,India,Energy,167920000,Mumbai
LOC02739,New Orleans Commercial #2739,29.9361,-90.0019,United States,Commercial Property,14367000,New Orleans
LOC02740,San Francisco Marine #2740,37.325,-122.1112,United States,Marine Cargo,8770000,San Francisco
LOC02741,Tokyo High-Net-Worth #2741,35.7012,139.5338,Japan,High-Net-Worth Homeowners,4712000,Tokyo
LOC02742,San Diego Commercial #2742,32.5799,-117.1512,United States,Commercial Property,28114000,San Diego
LOC02743,Boston Commercial #2743,42.5518,-71.1783,United States,Commercial Property,11637000,Boston
LOC02744,Tampa Commercial #2744,27.9493,-82.4394,United States,Commercial Property,3292000,Tampa
LOC02745,San Francisco Commercial #2745,37.8073,-122.3521,United States,Commercial Property,73428000,San Francisco
LOC02746,Valencia Business #2746,39.4396,-0.3906,Spain,Business Interruption,15783000,Valencia
LOC02747,Mexico City Business #2747,19.4225,-99.2234,Mexico,Business Interruption,29136000,Mexico City
LOC02748,Osaka Commercial #2748,34.7155,135.3073,Japan,Commercial Property,39538000,Osaka
LOC02749,Manila Marine #2749,14.6383,121.1507,Philippines,Marine Cargo,9330000,Manila
LOC02750,Maui High-Net-Worth #2750,20.8546,-156.5577,United States,High-Net-Worth Homeowners,5830000,Maui
LOC02751,Jakarta High-Net-Worth #2751,-6.3671,106.527,Indonesia,High-Net-Worth Homeowners,1182000,Jakarta
LOC02752,San Diego Business #2752,32.8605,-117.2895,United States,Business Interruption,72517000,San Diego
LOC02753,Osaka Marine #2753,34.689,135.5453,Japan,Marine Cargo,15847000,Osaka
LOC02754,Chennai Marine #2754,13.1002,80.1637,India,Marine Cargo,14843000,Chennai
LOC02755,Jakarta Business #2755,-6.3676,106.8313,Indonesia,Business Interruption,36271000,Jakarta
LOC02756,Cabo San Lucas High-Net-Worth #2756,22.9721,-110.0023,Mexico,High-Net-Worth Homeowners,7026000,Cabo San Lucas
LOC02757,Miami High-Net-Worth #2757,25.8572,-80.1567,United States,High-Net-Worth Homeowners,7409000,Miami
LOC02758,Honolulu High-Net-Worth #2758,21.3359,-157.8765,United States,High-Net-Worth Homeowners,1013000,Honolulu
LOC02759,Manzanillo High-Net-Worth #2759,19.0398,-104.0994,Mexico,High-Net-Worth Homeowners,4279000,Manzanillo
LOC02760,Maui Commercial #2760,20.7389,-156.4274,United States,Commercial Property,34089000,Maui
LOC02761,Miami Commercial #2761,25.7445,-80.1803,United States,Commercial Property,10071000,Miami
LOC02762,Nairobi Energy #2762,-1.2903,36.7896,Kenya,Energy,206753000,Nairobi
LOC02763,Jakarta Commercial #2763,-6.1879,106.6839,Indonesia,Commercial Property,14710000,Jakarta
LOC02764,Valencia Commercial #2764,39.5933,-0.2795,Spain,Commercial Property,25402000,Valencia
LOC02765,Cabo San Lucas Commercial #2765,22.8687,-109.8912,Mexico,Commercial Property,14753000,Cabo San Lucas
LOC02766,Tampa Commercial #2766,27.9725,-82.4222,United States,Commercial Property,2847000,Tampa
LOC02767,Valencia Marine #2767,39.3158,-0.3882,Spain,Marine Cargo,6799000,Valencia
LOC02768,Hamburg Commercial #2768,53.4327,9.7736,Germany,Commercial Property,7145000,Hamburg
LOC02769,Kona / Hilo Commercial #2769,19.6511,-155.9102,United States,Commercial Property,12889000,Kona / Hilo
LOC02770,Tampa Energy #2770,27.9151,-82.4846,United States,Energy,109949000,Tampa
LOC02771,London Commercial #2771,51.5075,-0.193,United Kingdom,Commercial Property,10820000,London
LOC02772,Mazatlan Commercial #2772,23.2413,-106.2457,Mexico,Commercial Property,10723000,Mazatlan
LOC02773,Jakarta High-Net-Worth #2773,-6.0841,106.7161,Indonesia,High-Net-Worth Homeowners,1633000,Jakarta
LOC02774,Los Angeles High-Net-Worth #2774,34.0043,-118.1683,United States,High-Net-Worth Homeowners,2713000,Los Angeles
LOC02775,Goma Commercial #2775,-1.6794,29.2685,Democratic Republic of the Congo,Commercial Property,14276000,Goma
LOC02776,Tokyo Commercial #2776,35.7848,139.6906,Japan,Commercial Property,52509000,Tokyo
LOC02777,Santiago Business #2777,-33.6176,-70.5862,Chile,Business Interruption,55452000,Santiago
LOC02778,Los Angeles Accident #2778,34.1582,-118.2232,United States,Accident & Health,2179000,Los Angeles
LOC02779,San Francisco Commercial #2779,37.8478,-122.3977,United States,Commercial Property,13482000,San Francisco
LOC02780,Cabo San Lucas High-Net-Worth #2780,22.9225,-110.0679,Mexico,High-Net-Worth Homeowners,2256000,Cabo San Lucas
LOC02781,Bogota Commercial #2781,4.7523,-74.0327,Colombia,Commercial Property,16049000,Bogota
LOC02782,Cancun Accident #2782,21.1722,-87.0231,Mexico,Accident & Health,1110000,Cancun
LOC02783,Manila Commercial #2783,14.6305,120.9786,Philippines,Commercial Property,102736000,Manila
LOC02784,Kona / Hilo High-Net-Worth #2784,19.5482,-155.8283,United States,High-Net-Worth Homeowners,2438000,Kona / Hilo
LOC02785,Taipei Business #2785,24.9451,121.4721,Taiwan,Business Interruption,18269000,Taipei
LOC02786,Kona / Hilo High-Net-Worth #2786,19.5573,-155.9037,United States,High-Net-Worth Homeowners,4862000,Kona / Hilo
LOC02787,New York Commercial #2787,40.6957,-73.992,United States,Commercial Property,10057000,New York
LOC02788,Houston Marine #2788,29.829,-95.598,United States,Marine Cargo,12428000,Houston
LOC02789,Hamburg Business #2789,53.42,10.0851,Germany,Business Interruption,22417000,Hamburg
LOC02790,Boston Accident #2790,42.5235,-70.9047,United States,Accident & Health,1735000,Boston
LOC02791,New York Commercial #2791,40.7676,-73.8039,United States,Commercial Property,18856000,New York
LOC02792,Miami High-Net-Worth #2792,25.6449,-80.2337,United States,High-Net-Worth Homeowners,1677000,Miami
LOC02793,Manila Commercial #2793,14.6726,121.0342,Philippines,Commercial Property,19884000,Manila
LOC02794,San Francisco Commercial #2794,37.7874,-122.4065,United States,Commercial Property,36474000,San Francisco
LOC02795,London Commercial #2795,51.5081,-0.1371,United Kingdom,Commercial Property,9895000,London
LOC02796,Hong Kong Commercial #2796,22.2828,114.6624,China,Commercial Property,7265000,Hong Kong
LOC02797,Chennai Commercial #2797,12.9272,80.4714,India,Commercial Property,36568000,Chennai
LOC02798,New York Commercial #2798,40.7564,-74.5154,United States,Commercial Property,18915000,New York
LOC02799,Miami Business #2799,25.7447,-80.0867,United States,Business Interruption,28585000,Miami
LOC02800,Nassau High-Net-Worth #2800,25.0563,-77.552,Bahamas,High-Net-Worth Homeowners,3518000,Nassau
LOC02801,San Diego Marine #2801,32.7688,-117.0816,United States,Marine Cargo,3438000,San Diego
LOC02802,Houston Marine #2802,29.4809,-95.4954,United States,Marine Cargo,21551000,Houston
LOC02803,Manila High-Net-Worth #2803,14.6728,121.057,Philippines,High-Net-Worth Homeowners,1129000,Manila
LOC02804,Tampa Energy #2804,27.747,-82.5682,United States,Energy,101961000,Tampa
LOC02805,Lagos Marine #2805,6.5239,3.158,Nigeria,Marine Cargo,20018000,Lagos
LOC02806,Naha Okinawa Commercial #2806,26.3872,127.694,Japan,Commercial Property,50068000,Naha Okinawa
LOC02807,Houston Energy #2807,29.8507,-95.4379,United States,Energy,93526000,Houston
LOC02808,Cancun Commercial #2808,21.1202,-86.8465,Mexico,Commercial Property,34901000,Cancun
LOC02809,Shanghai Marine #2809,31.2555,121.4947,China,Marine Cargo,9427000,Shanghai
LOC02810,Hamburg Marine #2810,53.607,10.1643,Germany,Marine Cargo,40259000,Hamburg
LOC02811,Chennai Business #2811,13.1378,80.2591,India,Business Interruption,37594000,Chennai
LOC02812,Jakarta High-Net-Worth #2812,-6.3018,106.8517,Indonesia,High-Net-Worth Homeowners,9377000,Jakarta
LOC02813,New York High-Net-Worth #2813,40.8064,-73.6866,United States,High-Net-Worth Homeowners,9646000,New York
LOC02814,Nairobi Commercial #2814,-1.1406,37.0203,Kenya,Commercial Property,13207000,Nairobi
LOC02815,Kinshasa Commercial #2815,-4.583,15.1571,Democratic Republic of the Congo,Commercial Property,23189000,Kinshasa
LOC02816,Dubai High-Net-Worth #2816,25.1982,55.2745,United Arab Emirates,High-Net-Worth Homeowners,5267000,Dubai
LOC02817,Manzanillo Marine #2817,19.028,-104.8303,Mexico,Marine Cargo,16761000,Manzanillo
LOC02818,Manila Commercial #2818,14.7626,121.1005,Philippines,Commercial Property,36676000,Manila
LOC02819,Manzanillo Business #2819,18.9256,-104.3959,Mexico,Business Interruption,6828000,Manzanillo
LOC02820,Los Angeles Business #2820,33.9722,-117.9822,United States,Business Interruption,29015000,Los Angeles
LOC02821,New York Commercial #2821,40.6486,-73.5821,United States,Commercial Property,13185000,New York
LOC02822,Hong Kong Commercial #2822,22.3916,114.3312,China,Commercial Property,42580000,Hong Kong
LOC02823,Mexico City Commercial #2823,19.5403,-98.9418,Mexico,Commercial Property,9251000,Mexico City
LOC02824,Athens Commercial #2824,38.0142,23.7861,Greece,Commercial Property,12221000,Athens
LOC02825,Hamburg Business #2825,53.6021,9.9866,Germany,Business Interruption,13912000,Hamburg
LOC02826,Miami Business #2826,25.7547,-80.1642,United States,Business Interruption,32973000,Miami
LOC02827,Boston Business #2827,42.3577,-71.0617,United States,Business Interruption,41928000,Boston
LOC02828,Naples FL High-Net-Worth #2828,26.2228,-81.877,United States,High-Net-Worth Homeowners,5615000,Naples FL
LOC02829,Taipei High-Net-Worth #2829,25.1352,121.6609,Taiwan,High-Net-Worth Homeowners,4748000,Taipei
LOC02830,Taipei Business #2830,25.0378,121.6431,Taiwan,Business Interruption,11721000,Taipei
LOC02831,London Business #2831,51.1953,0.3798,United Kingdom,Business Interruption,8632000,London
LOC02832,Shenzhen Commercial #2832,22.3615,113.8257,China,Commercial Property,8402000,Shenzhen
LOC02833,Cabo San Lucas High-Net-Worth #2833,22.8133,-109.8759,Mexico,High-Net-Worth Homeowners,6208000,Cabo San Lucas
LOC02834,Rotterdam Marine #2834,51.9249,4.4992,Netherlands,Marine Cargo,6405000,Rotterdam
LOC02835,Valencia Commercial #2835,39.5803,-0.6027,Spain,Commercial Property,129585000,Valencia
LOC02836,Jakarta Business #2836,-6.3357,106.7519,Indonesia,Business Interruption,19027000,Jakarta
LOC02837,Puerto Vallarta High-Net-Worth #2837,20.8183,-105.3163,Mexico,High-Net-Worth Homeowners,1811000,Puerto Vallarta
LOC02838,Concepcion Marine #2838,-37.0318,-73.106,Chile,Marine Cargo,9049000,Concepcion
LOC02839,Taipei Marine #2839,25.0715,121.6249,Taiwan,Marine Cargo,4902000,Taipei
LOC02840,Valparaiso Energy #2840,-33.0826,-71.3256,Chile,Energy,196496000,Valparaiso
LOC02841,Honolulu Travel #2841,21.4304,-157.7709,United States,Travel,148000,Honolulu
LOC02842,Jakarta High-Net-Worth #2842,-6.2769,106.7443,Indonesia,High-Net-Worth Homeowners,1200000,Jakarta
LOC02843,Naha Okinawa Commercial #2843,26.3585,127.6039,Japan,Commercial Property,26326000,Naha Okinawa
LOC02844,Los Angeles Commercial #2844,34.341,-118.1102,United States,Commercial Property,72797000,Los Angeles
LOC02845,Shanghai Commercial #2845,31.0522,121.4251,China,Commercial Property,22002000,Shanghai
LOC02846,Osaka Business #2846,34.8376,135.577,Japan,Business Interruption,47436000,Osaka
LOC02847,Charleston Marine #2847,32.7898,-80.0675,United States,Marine Cargo,14472000,Charleston
LOC02848,Los Angeles Commercial #2848,34.2254,-118.3511,United States,Commercial Property,70083000,Los Angeles
LOC02849,Mumbai Marine #2849,19.0188,72.6082,India,Marine Cargo,25916000,Mumbai
LOC02850,Miami Business #2850,25.6385,-80.2807,United States,Business Interruption,7400000,Miami
LOC02851,Mumbai Business #2851,19.1167,72.8177,India,Business Interruption,50456000,Mumbai
LOC02852,Santiago Business #2852,-33.4388,-70.7572,Chile,Business Interruption,30371000,Santiago
LOC02853,Shenzhen Business #2853,22.5157,114.0351,China,Business Interruption,14622000,Shenzhen
LOC02854,New York High-Net-Worth #2854,40.6949,-74.2823,United States,High-Net-Worth Homeowners,661000,New York
LOC02855,Shenzhen Business #2855,22.5036,114.0649,China,Business Interruption,128882000,Shenzhen
LOC02856,Manila Business #2856,14.4771,120.7749,Philippines,Business Interruption,35395000,Manila
LOC02857,Cancun Commercial #2857,21.0974,-87.0993,Mexico,Commercial Property,55713000,Cancun
LOC02858,Sydney Commercial #2858,-33.8054,151.3802,Australia,Commercial Property,9019000,Sydney
LOC02859,Santiago Commercial #2859,-33.5361,-70.6622,Chile,Commercial Property,7102000,Santiago
LOC02860,Charleston Business #2860,32.6901,-79.9089,United States,Business Interruption,32750000,Charleston
LOC02861,Lagos Marine #2861,6.317,3.3201,Nigeria,Marine Cargo,14720000,Lagos
LOC02862,Houston Marine #2862,29.7456,-95.427,United States,Marine Cargo,10332000,Houston
LOC02863,Dubai High-Net-Worth #2863,25.3307,55.4036,United Arab Emirates,High-Net-Worth Homeowners,1076000,Dubai
LOC02864,Johannesburg Commercial #2864,-26.3008,28.1517,South Africa,Commercial Property,32145000,Johannesburg
LOC02865,Lagos Commercial #2865,6.5362,3.3786,Nigeria,Commercial Property,18700000,Lagos
LOC02866,Naples FL High-Net-Worth #2866,26.1376,-81.8654,United States,High-Net-Worth Homeowners,5630000,Naples FL
LOC02867,Valparaiso Energy #2867,-33.1077,-71.5761,Chile,Energy,331033000,Valparaiso
LOC02868,Houston Marine #2868,29.7932,-95.3214,United States,Marine Cargo,5854000,Houston
LOC02869,Miami Commercial #2869,25.7376,-80.2085,United States,Commercial Property,77380000,Miami
LOC02870,Maui Accident #2870,20.7953,-156.3126,United States,Accident & Health,1973000,Maui
LOC02871,Visakhapatnam Business #2871,17.6324,83.2215,India,Business Interruption,43398000,Visakhapatnam
LOC02872,Tokyo Commercial #2872,35.7616,139.7237,Japan,Commercial Property,44959000,Tokyo
LOC02873,Shanghai Commercial #2873,31.2304,121.4661,China,Commercial Property,50430000,Shanghai
LOC02874,Tokyo Commercial #2874,35.6524,139.6399,Japan,Commercial Property,15027000,Tokyo
LOC02875,Milan Commercial #2875,45.2686,9.0692,Italy,Commercial Property,3919000,Milan
LOC02876,Valencia Marine #2876,39.422,-0.4824,Spain,Marine Cargo,12699000,Valencia
LOC02877,Kona / Hilo Commercial #2877,19.7406,-155.9711,United States,Commercial Property,17212000,Kona / Hilo
LOC02878,Mexico City Business #2878,19.4193,-99.1382,Mexico,Business Interruption,16713000,Mexico City
LOC02879,New York Business #2879,40.5442,-73.7876,United States,Business Interruption,13845000,New York
LOC02880,Tokyo High-Net-Worth #2880,35.7886,139.4691,Japan,High-Net-Worth Homeowners,5518000,Tokyo
LOC02881,Charleston Marine #2881,32.6991,-80.1291,United States,Marine Cargo,10252000,Charleston
LOC02882,New York Business #2882,40.5814,-74.4717,United States,Business Interruption,65642000,New York
LOC02883,Taipei High-Net-Worth #2883,25.0792,121.6139,Taiwan,High-Net-Worth Homeowners,4024000,Taipei
LOC02884,Shanghai Marine #2884,31.0938,121.4353,China,Marine Cargo,34364000,Shanghai
LOC02885,Rotterdam Commercial #2885,51.9594,4.3507,Netherlands,Commercial Property,8709000,Rotterdam
LOC02886,Miami Commercial #2886,25.8703,-80.1853,United States,Commercial Property,17377000,Miami
LOC02887,Santiago Commercial #2887,-33.11,-70.8143,Chile,Commercial Property,7709000,Santiago
LOC02888,Tokyo Accident #2888,35.9131,139.4312,Japan,Accident & Health,1867000,Tokyo
LOC02889,Acapulco High-Net-Worth #2889,16.7941,-99.8445,Mexico,High-Net-Worth Homeowners,2153000,Acapulco
LOC02890,Manila High-Net-Worth #2890,14.5181,120.9121,Philippines,High-Net-Worth Homeowners,12020000,Manila
LOC02891,Jakarta Commercial #2891,-6.1218,106.7461,Indonesia,Commercial Property,8143000,Jakarta
LOC02892,Dubai Commercial #2892,24.81,55.1652,United Arab Emirates,Commercial Property,18892000,Dubai
LOC02893,Shanghai Marine #2893,31.1275,121.5754,China,Marine Cargo,45158000,Shanghai
LOC02894,San Diego Marine #2894,32.7561,-117.0458,United States,Marine Cargo,4100000,San Diego
LOC02895,Houston Business #2895,29.752,-95.5258,United States,Business Interruption,19480000,Houston
LOC02896,La Paz BCS Commercial #2896,24.2669,-110.4282,Mexico,Commercial Property,14642000,La Paz BCS
LOC02897,Surabaya Business #2897,-7.3154,112.6189,Indonesia,Business Interruption,3057000,Surabaya
LOC02898,Tokyo Marine #2898,35.6787,139.676,Japan,Marine Cargo,10801000,Tokyo
LOC02899,Manila High-Net-Worth #2899,14.6594,121.0014,Philippines,High-Net-Worth Homeowners,4714000,Manila
LOC02900,Istanbul Business #2900,41.09,29.1762,Türkiye,Business Interruption,15403000,Istanbul
LOC02901,London Commercial #2901,51.4437,-0.468,United Kingdom,Commercial Property,33246000,London
LOC02902,Acapulco Accident #2902,16.8226,-99.9058,Mexico,Accident & Health,6462000,Acapulco
LOC02903,London High-Net-Worth #2903,51.7107,-0.4459,United Kingdom,High-Net-Worth Homeowners,2490000,London
LOC02904,Lagos Business #2904,6.5263,3.3491,Nigeria,Business Interruption,25318000,Lagos
LOC02905,Jakarta Commercial #2905,-6.1963,106.8415,Indonesia,Commercial Property,46549000,Jakarta
LOC02906,Kaohsiung High-Net-Worth #2906,22.6621,119.9941,Taiwan,High-Net-Worth Homeowners,2619000,Kaohsiung
LOC02907,Hong Kong Commercial #2907,22.3102,114.1753,China,Commercial Property,37568000,Hong Kong
LOC02908,Boston Commercial #2908,42.3821,-71.1289,United States,Commercial Property,12497000,Boston
LOC02909,Concepcion High-Net-Worth #2909,-36.6692,-72.6896,Chile,High-Net-Worth Homeowners,4504000,Concepcion
LOC02910,Rotterdam Energy #2910,51.8785,4.5367,Netherlands,Energy,212057000,Rotterdam
LOC02911,La Paz BCS Marine #2911,24.0204,-110.2645,Mexico,Marine Cargo,6747000,La Paz BCS
LOC02912,Dubai High-Net-Worth #2912,25.2117,55.2537,United Arab Emirates,High-Net-Worth Homeowners,3516000,Dubai
LOC02913,Johannesburg Business #2913,-26.1922,28.07,South Africa,Business Interruption,13877000,Johannesburg
LOC02914,Istanbul Commercial #2914,41.3123,28.6509,Türkiye,Commercial Property,48876000,Istanbul
LOC02915,Maui Commercial #2915,20.8731,-156.3062,United States,Commercial Property,42098000,Maui
LOC02916,Dubai Commercial #2916,25.1678,55.173,United Arab Emirates,Commercial Property,39779000,Dubai
LOC02917,Istanbul Business #2917,41.0085,29.0104,Türkiye,Business Interruption,41869000,Istanbul
LOC02918,Miami Business #2918,25.5373,-80.2628,United States,Business Interruption,17050000,Miami
LOC02919,Manila High-Net-Worth #2919,14.6697,120.9164,Philippines,High-Net-Worth Homeowners,9348000,Manila
LOC02920,Tampa Business #2920,28.0184,-82.4419,United States,Business Interruption,57708000,Tampa
LOC02921,Sydney Business #2921,-33.8961,151.1866,Australia,Business Interruption,22863000,Sydney
LOC02922,Lima Commercial #2922,-12.1055,-77.0982,Peru,Commercial Property,66014000,Lima
LOC02923,Chennai Marine #2923,13.0975,80.3289,India,Marine Cargo,21902000,Chennai
LOC02924,Valparaiso Marine #2924,-33.0576,-71.6415,Chile,Marine Cargo,5703000,Valparaiso
LOC02925,Osaka High-Net-Worth #2925,34.6764,135.6355,Japan,High-Net-Worth Homeowners,2752000,Osaka
LOC02926,San Juan High-Net-Worth #2926,18.481,-66.0811,Puerto Rico,High-Net-Worth Homeowners,5121000,San Juan
LOC02927,Manila Commercial #2927,14.6316,121.1627,Philippines,Commercial Property,5712000,Manila
LOC02928,San Juan Commercial #2928,18.4455,-66.0506,Puerto Rico,Commercial Property,35623000,San Juan
LOC02929,Milan High-Net-Worth #2929,45.2316,9.2605,Italy,High-Net-Worth Homeowners,2274000,Milan
LOC02930,Bogota Business #2930,4.6761,-74.1661,Colombia,Business Interruption,65833000,Bogota
LOC02931,Sydney Commercial #2931,-33.8735,151.3459,Australia,Commercial Property,22143000,Sydney
LOC02932,New York Commercial #2932,40.6512,-73.8097,United States,Commercial Property,15716000,New York
LOC02933,Istanbul Business #2933,41.0946,29.0781,Türkiye,Business Interruption,9588000,Istanbul
LOC02934,Boston Commercial #2934,42.3932,-71.1364,United States,Commercial Property,17433000,Boston
LOC02935,Honolulu Commercial #2935,21.5332,-157.9694,United States,Commercial Property,39162000,Honolulu
LOC02936,Kampala Energy #2936,0.4462,32.5569,Uganda,Energy,123235000,Kampala
LOC02937,New York Commercial #2937,40.432,-73.7964,United States,Commercial Property,18363000,New York
LOC02938,Concepcion Commercial #2938,-36.8643,-73.1816,Chile,Commercial Property,28349000,Concepcion
LOC02939,Tokyo High-Net-Worth #2939,35.6284,139.7582,Japan,High-Net-Worth Homeowners,3218000,Tokyo
LOC02940,Miami Commercial #2940,25.7874,-80.2335,United States,Commercial Property,29395000,Miami
LOC02941,Osaka Marine #2941,34.5734,135.3026,Japan,Marine Cargo,19818000,Osaka
LOC02942,Miami High-Net-Worth #2942,25.6675,-80.15,United States,High-Net-Worth Homeowners,14199000,Miami
LOC02943,Honolulu High-Net-Worth #2943,21.3825,-158.1048,United States,High-Net-Worth Homeowners,2860000,Honolulu
LOC02944,Istanbul Commercial #2944,41.1298,28.9704,Türkiye,Commercial Property,30727000,Istanbul
LOC02945,Houston Business #2945,29.7582,-95.2419,United States,Business Interruption,9623000,Houston
LOC02946,Maui Travel #2946,20.855,-156.219,United States,Travel,272000,Maui
LOC02947,Manzanillo Business #2947,18.9893,-104.3312,Mexico,Business Interruption,96772000,Manzanillo
LOC02948,Mumbai Business #2948,19.032,72.7897,India,Business Interruption,72441000,Mumbai
LOC02949,New York Commercial #2949,40.7168,-73.9954,United States,Commercial Property,16006000,New York
LOC02950,Mumbai Commercial #2950,18.7325,72.7661,India,Commercial Property,19378000,Mumbai
LOC02951,Cancun High-Net-Worth #2951,21.1544,-86.9574,Mexico,High-Net-Worth Homeowners,2403000,Cancun
LOC02952,Hamburg Marine #2952,53.3345,10.3805,Germany,Marine Cargo,3563000,Hamburg
LOC02953,Los Angeles Business #2953,34.0775,-118.1071,United States,Business Interruption,13348000,Los Angeles
LOC02954,Miami Commercial #2954,26.1813,-79.9862,United States,Commercial Property,16704000,Miami
LOC02955,Hong Kong Commercial #2955,22.3385,114.204,China,Commercial Property,41536000,Hong Kong
LOC02956,Mexico City Business #2956,19.5168,-99.2084,Mexico,Business Interruption,7548000,Mexico City
LOC02957,Shanghai Commercial #2957,31.2416,121.3238,China,Commercial Property,32608000,Shanghai
LOC02958,Miami Commercial #2958,25.6966,-80.1191,United States,Commercial Property,24333000,Miami
LOC02959,Miami High-Net-Worth #2959,25.93,-80.3074,United States,High-Net-Worth Homeowners,7960000,Miami
LOC02960,Chennai Marine #2960,13.1551,80.2804,India,Marine Cargo,3942000,Chennai
LOC02961,Shenzhen Business #2961,22.5404,113.9966,China,Business Interruption,19737000,Shenzhen
LOC02962,Athens Commercial #2962,37.8323,23.7211,Greece,Commercial Property,56925000,Athens
LOC02963,Santiago Commercial #2963,-33.1498,-70.577,Chile,Commercial Property,84825000,Santiago
LOC02964,Honolulu High-Net-Worth #2964,21.4344,-157.8507,United States,High-Net-Worth Homeowners,2581000,Honolulu
LOC02965,Dubai Commercial #2965,25.0954,55.0876,United Arab Emirates,Commercial Property,36601000,Dubai
LOC02966,Hong Kong Commercial #2966,22.3176,114.1665,China,Commercial Property,64225000,Hong Kong
LOC02967,Istanbul High-Net-Worth #2967,40.9192,28.9293,Türkiye,High-Net-Worth Homeowners,7432000,Istanbul
LOC02968,Miami High-Net-Worth #2968,25.7637,-80.244,United States,High-Net-Worth Homeowners,1073000,Miami
LOC02969,Honolulu High-Net-Worth #2969,21.3777,-157.9561,United States,High-Net-Worth Homeowners,4560000,Honolulu
LOC02970,San Juan Business #2970,18.4105,-66.1391,Puerto Rico,Business Interruption,4667000,San Juan
LOC02971,Shenzhen Commercial #2971,22.8028,114.2657,China,Commercial Property,39681000,Shenzhen
LOC02972,Dubai Business #2972,25.0932,55.3102,United Arab Emirates,Business Interruption,9041000,Dubai
LOC02973,Dubai Commercial #2973,25.1596,55.3557,United Arab Emirates,Commercial Property,26957000,Dubai
LOC02974,Houston Energy #2974,29.6923,-95.4849,United States,Energy,464837000,Houston
LOC02975,London Energy #2975,51.6432,-0.0276,United Kingdom,Energy,132646000,London
LOC02976,Nairobi Commercial #2976,-1.3268,36.9893,Kenya,Commercial Property,25289000,Nairobi
LOC02977,Shanghai Business #2977,31.2367,121.4691,China,Business Interruption,6229000,Shanghai
LOC02978,London High-Net-Worth #2978,51.4726,-0.0652,United Kingdom,High-Net-Worth Homeowners,2839000,London
LOC02979,San Francisco Commercial #2979,37.7527,-122.4696,United States,Commercial Property,19566000,San Francisco
LOC02980,Tokyo Energy #2980,35.7284,139.6733,Japan,Energy,460404000,Tokyo
LOC02981,Honolulu High-Net-Worth #2981,21.3557,-158.0009,United States,High-Net-Worth Homeowners,2438000,Honolulu
LOC02982,La Paz BCS Marine #2982,23.8519,-110.4787,Mexico,Marine Cargo,8461000,La Paz BCS
LOC02983,Santiago Commercial #2983,-33.4366,-70.7437,Chile,Commercial Property,14795000,Santiago
LOC02984,Naha Okinawa Business #2984,26.0763,128.0665,Japan,Business Interruption,101419000,Naha Okinawa
LOC02985,Praia Travel #2985,14.87,-23.5148,Cape Verde,Travel,401000,Praia
LOC02986,Manila Commercial #2986,14.689,120.8835,Philippines,Commercial Property,26218000,Manila
LOC02987,Praia High-Net-Worth #2987,14.9289,-23.5085,Cape Verde,High-Net-Worth Homeowners,4515000,Praia
LOC02988,Acapulco High-Net-Worth #2988,16.8614,-99.8583,Mexico,High-Net-Worth Homeowners,20990000,Acapulco
LOC02989,Santiago High-Net-Worth #2989,-33.5022,-70.7986,Chile,High-Net-Worth Homeowners,9344000,Santiago
LOC02990,New York Commercial #2990,40.8295,-73.7765,United States,Commercial Property,7390000,New York
LOC02991,Tokyo Commercial #2991,35.7928,139.7189,Japan,Commercial Property,3809000,Tokyo
LOC02992,Kaohsiung Business #2992,22.6503,120.1132,Taiwan,Business Interruption,24006000,Kaohsiung
LOC02993,Mumbai High-Net-Worth #2993,19.0434,72.8487,India,High-Net-Worth Homeowners,10865000,Mumbai
LOC02994,New York Business #2994,40.6721,-73.5537,United States,Business Interruption,7515000,New York
LOC02995,New York Commercial #2995,40.6805,-73.9904,United States,Commercial Property,14243000,New York
LOC02996,Hamburg Energy #2996,53.3704,10.1761,Germany,Energy,223867000,Hamburg
LOC02997,Kingston Commercial #2997,18.0083,-76.9843,Jamaica,Commercial Property,57771000,Kingston
LOC02998,Mazatlan Marine #2998,23.0812,-106.3808,Mexico,Marine Cargo,21136000,Mazatlan
LOC02999,Jakarta Commercial #2999,-6.1119,106.8239,Indonesia,Commercial Property,38162000,Jakarta
